[debug] [2026-06-08T05:52:18.793Z] ----------------------------------------------------------------------
[debug] [2026-06-08T05:52:18.796Z] Command:       /home/mr-bhanu/.nvm/versions/node/v20.20.1/bin/node /usr/bin/firebase deploy --only functions
[debug] [2026-06-08T05:52:18.797Z] CLI Version:   15.19.1
[debug] [2026-06-08T05:52:18.797Z] Platform:      linux
[debug] [2026-06-08T05:52:18.797Z] Node Version:  v20.20.1
[debug] [2026-06-08T05:52:18.797Z] Time:          Mon Jun 08 2026 11:22:18 GMT+0530 (India Standard Time)
[debug] [2026-06-08T05:52:18.797Z] ----------------------------------------------------------------------
[debug] 
[debug] [2026-06-08T05:52:19.991Z] > command requires scopes: ["email","openid","https://www.googleapis.com/auth/cloudplatformprojects.readonly","https://www.googleapis.com/auth/firebase","https://www.googleapis.com/auth/cloud-platform"]
[debug] [2026-06-08T05:52:19.991Z] > authorizing via signed-in user (telugucinewritersassociation1@gmail.com)
[debug] [2026-06-08T05:52:19.992Z] [iam] checking project writers-registration for permissions ["cloudfunctions.functions.create","cloudfunctions.functions.delete","cloudfunctions.functions.get","cloudfunctions.functions.list","cloudfunctions.functions.update","cloudfunctions.operations.get","firebase.projects.get"]
[debug] [2026-06-08T05:52:19.993Z] Checked if tokens are valid: true, expires at: 1780901153535
[debug] [2026-06-08T05:52:19.993Z] Checked if tokens are valid: true, expires at: 1780901153535
[debug] [2026-06-08T05:52:19.995Z] >>> [apiv2][query] POST https://cloudresourcemanager.googleapis.com/v1/projects/writers-registration:testIamPermissions [none]
[debug] [2026-06-08T05:52:19.995Z] >>> [apiv2][(partial)header] POST https://cloudresourcemanager.googleapis.com/v1/projects/writers-registration:testIamPermissions  x-goog-user-project=writers-registration
[debug] [2026-06-08T05:52:19.995Z] >>> [apiv2][body] POST https://cloudresourcemanager.googleapis.com/v1/projects/writers-registration:testIamPermissions {"permissions":["cloudfunctions.functions.create","cloudfunctions.functions.delete","cloudfunctions.functions.get","cloudfunctions.functions.list","cloudfunctions.functions.update","cloudfunctions.operations.get","firebase.projects.get"]}
[debug] [2026-06-08T05:52:21.691Z] <<< [apiv2][status] POST https://cloudresourcemanager.googleapis.com/v1/projects/writers-registration:testIamPermissions 200
[debug] [2026-06-08T05:52:21.691Z] <<< [apiv2][body] POST https://cloudresourcemanager.googleapis.com/v1/projects/writers-registration:testIamPermissions {"permissions":["cloudfunctions.functions.create","cloudfunctions.functions.delete","cloudfunctions.functions.get","cloudfunctions.functions.list","cloudfunctions.functions.update","cloudfunctions.operations.get","firebase.projects.get"]}
[debug] [2026-06-08T05:52:21.692Z] Checked if tokens are valid: true, expires at: 1780901153535
[debug] [2026-06-08T05:52:21.692Z] Checked if tokens are valid: true, expires at: 1780901153535
[debug] [2026-06-08T05:52:21.692Z] >>> [apiv2][query] POST https://iam.googleapis.com/v1/projects/writers-registration/serviceAccounts/writers-registration@appspot.gserviceaccount.com:testIamPermissions [none]
[debug] [2026-06-08T05:52:21.692Z] >>> [apiv2][body] POST https://iam.googleapis.com/v1/projects/writers-registration/serviceAccounts/writers-registration@appspot.gserviceaccount.com:testIamPermissions {"permissions":["iam.serviceAccounts.actAs"]}
[debug] [2026-06-08T05:52:23.462Z] <<< [apiv2][status] POST https://iam.googleapis.com/v1/projects/writers-registration/serviceAccounts/writers-registration@appspot.gserviceaccount.com:testIamPermissions 200
[debug] [2026-06-08T05:52:23.462Z] <<< [apiv2][body] POST https://iam.googleapis.com/v1/projects/writers-registration/serviceAccounts/writers-registration@appspot.gserviceaccount.com:testIamPermissions {"permissions":["iam.serviceAccounts.actAs"]}
[info] 
[info] === Deploying to 'writers-registration'...
[info] 
[info] i  deploying functions 
[debug] [2026-06-08T05:52:23.466Z] Checked if tokens are valid: true, expires at: 1780901153535
[debug] [2026-06-08T05:52:23.466Z] Checked if tokens are valid: true, expires at: 1780901153535
[debug] [2026-06-08T05:52:23.466Z] >>> [apiv2][query] GET https://cloudresourcemanager.googleapis.com/v1/projects/writers-registration [none]
[debug] [2026-06-08T05:52:24.806Z] <<< [apiv2][status] GET https://cloudresourcemanager.googleapis.com/v1/projects/writers-registration 200
[debug] [2026-06-08T05:52:24.806Z] <<< [apiv2][body] GET https://cloudresourcemanager.googleapis.com/v1/projects/writers-registration {"projectNumber":"241257961361","projectId":"writers-registration","lifecycleState":"ACTIVE","name":"Writers Registration","labels":{"firebase":"enabled","firebase-core":"disabled"},"createTime":"2026-05-21T15:50:49.586Z"}
[info] i  functions: preparing codebase default for deployment 
[info] i  functions: ensuring required API cloudfunctions.googleapis.com is enabled... 
[info] i  functions: ensuring required API cloudbuild.googleapis.com is enabled... 
[info] i  artifactregistry: ensuring required API artifactregistry.googleapis.com is enabled... 
[debug] [2026-06-08T05:52:24.809Z] Checked if tokens are valid: true, expires at: 1780901153535
[debug] [2026-06-08T05:52:24.809Z] Checked if tokens are valid: true, expires at: 1780901153535
[debug] [2026-06-08T05:52:24.809Z] >>> [apiv2][query] GET https://firebase.googleapis.com/v1beta1/projects/writers-registration/adminSdkConfig [none]
[debug] [2026-06-08T05:52:27.004Z] <<< [apiv2][status] GET https://firebase.googleapis.com/v1beta1/projects/writers-registration/adminSdkConfig 200
[debug] [2026-06-08T05:52:27.004Z] <<< [apiv2][body] GET https://firebase.googleapis.com/v1beta1/projects/writers-registration/adminSdkConfig {"projectId":"writers-registration","storageBucket":"writers-registration.firebasestorage.app"}
[debug] [2026-06-08T05:52:27.005Z] Checked if tokens are valid: true, expires at: 1780901153535
[debug] [2026-06-08T05:52:27.005Z] Checked if tokens are valid: true, expires at: 1780901153535
[debug] [2026-06-08T05:52:27.005Z] >>> [apiv2][query] GET https://runtimeconfig.googleapis.com/v1beta1/projects/writers-registration/configs [none]
[debug] [2026-06-08T05:52:28.485Z] <<< [apiv2][status] GET https://runtimeconfig.googleapis.com/v1beta1/projects/writers-registration/configs 200
[debug] [2026-06-08T05:52:28.486Z] <<< [apiv2][body] GET https://runtimeconfig.googleapis.com/v1beta1/projects/writers-registration/configs {}
[debug] [2026-06-08T05:52:28.487Z] Validating nodejs source
[warn] ⚠  functions: Runtime Node.js 20 was deprecated on 2026-04-30 and will be decommissioned on 2026-10-30, after which you will not be able to deploy without upgrading. Consider upgrading now to avoid disruption. See https://cloud.google.com/functions/docs/runtime-support for full details on the lifecycle policy 
[warn] ⚠  functions: package.json indicates an outdated version of firebase-functions. Please upgrade using npm install --save firebase-functions@latest in your functions directory. 
[warn] ⚠  functions: Please note that there will be breaking changes when you upgrade. 
[debug] [2026-06-08T05:52:29.567Z] > [functions] package.json contents: {
  "name": "functions",
  "description": "Cloud Functions for Firebase",
  "scripts": {
    "serve": "firebase emulators:start --only functions",
    "shell": "firebase functions:shell",
    "start": "npm run shell",
    "deploy": "firebase deploy --only functions",
    "logs": "firebase functions:log"
  },
  "engines": {
    "node": "20"
  },
  "main": "index.js",
  "dependencies": {
    "firebase-admin": "^12.0.0",
    "firebase-functions": "^5.0.0",
    "axios": "^1.6.0",
    "resend": "^3.2.0"
  },
  "devDependencies": {
    "firebase-functions-test": "^3.1.0"
  },
  "private": true
}
[debug] [2026-06-08T05:52:29.567Z] Building nodejs source
[info] i  functions: Loading and analyzing source code for codebase default to determine what to deploy 
[debug] [2026-06-08T05:52:29.569Z] Could not find functions.yaml. Must use http discovery
[debug] [2026-06-08T05:52:29.579Z] Found firebase-functions binary at '/home/mr-bhanu/Mr_Bhanu/Projects/Freelancing Projects/MovieScriptProject/writers-registration/functions/node_modules/.bin/firebase-functions'
[info] Serving at port 8562

[debug] [2026-06-08T05:52:29.954Z] Got response from /__/functions.yaml {"endpoints":{"dailyRenewalCheck":{"availableMemoryMb":null,"timeoutSeconds":null,"minInstances":null,"maxInstances":null,"ingressSettings":null,"concurrency":null,"serviceAccountEmail":null,"vpc":null,"platform":"gcfv2","labels":{},"scheduleTrigger":{"schedule":"every day 09:00","retryConfig":{"retryCount":null,"maxDoublings":null,"maxRetrySeconds":null,"minBackoffSeconds":null,"maxBackoffSeconds":null},"timeZone":null},"entryPoint":"dailyRenewalCheck"}},"specVersion":"v1alpha1","requiredAPIs":[{"api":"cloudscheduler.googleapis.com","reason":"Needed for scheduled functions."}],"extensions":{}}
[debug] [2026-06-08T05:52:33.980Z] Checked if tokens are valid: true, expires at: 1780901153535
[debug] [2026-06-08T05:52:33.980Z] Checked if tokens are valid: true, expires at: 1780901153535
[debug] [2026-06-08T05:52:33.980Z] >>> [apiv2][query] GET https://cloudfunctions.googleapis.com/v1/projects/writers-registration/locations/-/functions [none]
[debug] [2026-06-08T05:52:35.033Z] <<< [apiv2][status] GET https://cloudfunctions.googleapis.com/v1/projects/writers-registration/locations/-/functions 200
[debug] [2026-06-08T05:52:35.033Z] <<< [apiv2][body] GET https://cloudfunctions.googleapis.com/v1/projects/writers-registration/locations/-/functions {}
[debug] [2026-06-08T05:52:35.034Z] Checked if tokens are valid: true, expires at: 1780901153535
[debug] [2026-06-08T05:52:35.034Z] Checked if tokens are valid: true, expires at: 1780901153535
[debug] [2026-06-08T05:52:35.034Z] >>> [apiv2][query] GET https://cloudfunctions.googleapis.com/v2/projects/writers-registration/locations/-/functions filter=environment%3D%22GEN_2%22
[debug] [2026-06-08T05:52:36.775Z] <<< [apiv2][status] GET https://cloudfunctions.googleapis.com/v2/projects/writers-registration/locations/-/functions 200
[debug] [2026-06-08T05:52:36.775Z] <<< [apiv2][body] GET https://cloudfunctions.googleapis.com/v2/projects/writers-registration/locations/-/functions {}
[info] i  extensions: ensuring required API firebaseextensions.googleapis.com is enabled... 
[debug] [2026-06-08T05:52:36.777Z] Checked if tokens are valid: true, expires at: 1780901153535
[debug] [2026-06-08T05:52:36.777Z] Checked if tokens are valid: true, expires at: 1780901153535
[debug] [2026-06-08T05:52:36.777Z] >>> [apiv2][query] GET https://serviceusage.googleapis.com/v1/projects/writers-registration/services/firebaseextensions.googleapis.com [none]
[debug] [2026-06-08T05:52:36.777Z] >>> [apiv2][(partial)header] GET https://serviceusage.googleapis.com/v1/projects/writers-registration/services/firebaseextensions.googleapis.com  x-goog-user-project=writers-registration
[debug] [2026-06-08T05:52:39.334Z] <<< [apiv2][status] GET https://serviceusage.googleapis.com/v1/projects/writers-registration/services/firebaseextensions.googleapis.com 200
[debug] [2026-06-08T05:52:39.335Z] <<< [apiv2][body] GET https://serviceusage.googleapis.com/v1/projects/writers-registration/services/firebaseextensions.googleapis.com [omitted]
[warn] ⚠  extensions: missing required API firebaseextensions.googleapis.com. Enabling now... 
[debug] [2026-06-08T05:52:39.336Z] Checked if tokens are valid: true, expires at: 1780901153535
[debug] [2026-06-08T05:52:39.336Z] Checked if tokens are valid: true, expires at: 1780901153535
[debug] [2026-06-08T05:52:39.336Z] >>> [apiv2][query] POST https://serviceusage.googleapis.com/v1/projects/writers-registration/services/firebaseextensions.googleapis.com:enable [none]
[debug] [2026-06-08T05:52:39.336Z] >>> [apiv2][(partial)header] POST https://serviceusage.googleapis.com/v1/projects/writers-registration/services/firebaseextensions.googleapis.com:enable  x-goog-user-project=writers-registration
[debug] [2026-06-08T05:52:41.192Z] <<< [apiv2][status] POST https://serviceusage.googleapis.com/v1/projects/writers-registration/services/firebaseextensions.googleapis.com:enable 200
[debug] [2026-06-08T05:52:41.192Z] <<< [apiv2][body] POST https://serviceusage.googleapis.com/v1/projects/writers-registration/services/firebaseextensions.googleapis.com:enable [omitted]
[debug] [2026-06-08T05:52:51.205Z] > command requires scopes: ["email","openid","https://www.googleapis.com/auth/cloudplatformprojects.readonly","https://www.googleapis.com/auth/firebase","https://www.googleapis.com/auth/cloud-platform"]
[debug] [2026-06-08T05:52:51.205Z] > authorizing via signed-in user (telugucinewritersassociation1@gmail.com)
[debug] [2026-06-08T05:52:51.205Z] [iam] checking project writers-registration for permissions ["firebase.projects.get","firebaseextensions.instances.list"]
[debug] [2026-06-08T05:52:51.205Z] Checked if tokens are valid: true, expires at: 1780901153535
[debug] [2026-06-08T05:52:51.205Z] Checked if tokens are valid: true, expires at: 1780901153535
[debug] [2026-06-08T05:52:51.206Z] >>> [apiv2][query] POST https://cloudresourcemanager.googleapis.com/v1/projects/writers-registration:testIamPermissions [none]
[debug] [2026-06-08T05:52:51.206Z] >>> [apiv2][(partial)header] POST https://cloudresourcemanager.googleapis.com/v1/projects/writers-registration:testIamPermissions  x-goog-user-project=writers-registration
[debug] [2026-06-08T05:52:51.206Z] >>> [apiv2][body] POST https://cloudresourcemanager.googleapis.com/v1/projects/writers-registration:testIamPermissions {"permissions":["firebase.projects.get","firebaseextensions.instances.list"]}
[debug] [2026-06-08T05:52:52.853Z] <<< [apiv2][status] POST https://cloudresourcemanager.googleapis.com/v1/projects/writers-registration:testIamPermissions 200
[debug] [2026-06-08T05:52:52.853Z] <<< [apiv2][body] POST https://cloudresourcemanager.googleapis.com/v1/projects/writers-registration:testIamPermissions {"permissions":["firebase.projects.get","firebaseextensions.instances.list"]}
[debug] [2026-06-08T05:52:52.854Z] Checked if tokens are valid: true, expires at: 1780901153535
[debug] [2026-06-08T05:52:52.854Z] Checked if tokens are valid: true, expires at: 1780901153535
[debug] [2026-06-08T05:52:52.854Z] >>> [apiv2][query] GET https://firebaseextensions.googleapis.com/v1beta/projects/writers-registration/instances pageSize=100&pageToken=
[debug] [2026-06-08T05:52:56.045Z] <<< [apiv2][status] GET https://firebaseextensions.googleapis.com/v1beta/projects/writers-registration/instances 200
[debug] [2026-06-08T05:52:56.045Z] <<< [apiv2][body] GET https://firebaseextensions.googleapis.com/v1beta/projects/writers-registration/instances {}
[info] i  functions: Loaded environment variables from .env. 
[info] i  functions: preparing functions directory for uploading... 
[info] i  functions: packaged /home/mr-bhanu/Mr_Bhanu/Projects/Freelancing Projects/MovieScriptProject/writers-registration/functions (75.45 KB) for uploading 
[info] i  functions: ensuring required API cloudscheduler.googleapis.com is enabled... 
[debug] [2026-06-08T05:52:56.099Z] Checked if tokens are valid: true, expires at: 1780901153535
[debug] [2026-06-08T05:52:56.099Z] Checked if tokens are valid: true, expires at: 1780901153535
[debug] [2026-06-08T05:52:56.100Z] >>> [apiv2][query] GET https://serviceusage.googleapis.com/v1/projects/241257961361/services/cloudscheduler.googleapis.com [none]
[debug] [2026-06-08T05:52:56.100Z] >>> [apiv2][(partial)header] GET https://serviceusage.googleapis.com/v1/projects/241257961361/services/cloudscheduler.googleapis.com  x-goog-user-project=241257961361
[debug] [2026-06-08T05:52:57.902Z] <<< [apiv2][status] GET https://serviceusage.googleapis.com/v1/projects/241257961361/services/cloudscheduler.googleapis.com 200
[debug] [2026-06-08T05:52:57.902Z] <<< [apiv2][body] GET https://serviceusage.googleapis.com/v1/projects/241257961361/services/cloudscheduler.googleapis.com [omitted]
[warn] ⚠  functions: missing required API cloudscheduler.googleapis.com. Enabling now... 
[debug] [2026-06-08T05:52:57.902Z] Checked if tokens are valid: true, expires at: 1780901153535
[debug] [2026-06-08T05:52:57.903Z] Checked if tokens are valid: true, expires at: 1780901153535
[debug] [2026-06-08T05:52:57.903Z] >>> [apiv2][query] POST https://serviceusage.googleapis.com/v1/projects/241257961361/services/cloudscheduler.googleapis.com:enable [none]
[debug] [2026-06-08T05:52:57.903Z] >>> [apiv2][(partial)header] POST https://serviceusage.googleapis.com/v1/projects/241257961361/services/cloudscheduler.googleapis.com:enable  x-goog-user-project=241257961361
[debug] [2026-06-08T05:52:58.456Z] <<< [apiv2][status] POST https://serviceusage.googleapis.com/v1/projects/241257961361/services/cloudscheduler.googleapis.com:enable 200
[debug] [2026-06-08T05:52:58.457Z] <<< [apiv2][body] POST https://serviceusage.googleapis.com/v1/projects/241257961361/services/cloudscheduler.googleapis.com:enable [omitted]
[info] i  functions: ensuring required API run.googleapis.com is enabled... 
[debug] [2026-06-08T05:53:08.486Z] Checked if tokens are valid: true, expires at: 1780901153535
[debug] [2026-06-08T05:53:08.486Z] Checked if tokens are valid: true, expires at: 1780901153535
[info] i  functions: ensuring required API eventarc.googleapis.com is enabled... 
[debug] [2026-06-08T05:53:08.488Z] Checked if tokens are valid: true, expires at: 1780901153535
[debug] [2026-06-08T05:53:08.489Z] Checked if tokens are valid: true, expires at: 1780901153535
[info] i  functions: ensuring required API pubsub.googleapis.com is enabled... 
[debug] [2026-06-08T05:53:08.490Z] Checked if tokens are valid: true, expires at: 1780901153535
[debug] [2026-06-08T05:53:08.491Z] Checked if tokens are valid: true, expires at: 1780901153535
[info] i  functions: ensuring required API storage.googleapis.com is enabled... 
[debug] [2026-06-08T05:53:08.492Z] Checked if tokens are valid: true, expires at: 1780901153535
[debug] [2026-06-08T05:53:08.493Z] Checked if tokens are valid: true, expires at: 1780901153535
[debug] [2026-06-08T05:53:08.494Z] >>> [apiv2][query] GET https://serviceusage.googleapis.com/v1/projects/241257961361/services/run.googleapis.com [none]
[debug] [2026-06-08T05:53:08.495Z] >>> [apiv2][(partial)header] GET https://serviceusage.googleapis.com/v1/projects/241257961361/services/run.googleapis.com  x-goog-user-project=241257961361
[debug] [2026-06-08T05:53:08.507Z] >>> [apiv2][query] GET https://serviceusage.googleapis.com/v1/projects/241257961361/services/eventarc.googleapis.com [none]
[debug] [2026-06-08T05:53:08.507Z] >>> [apiv2][(partial)header] GET https://serviceusage.googleapis.com/v1/projects/241257961361/services/eventarc.googleapis.com  x-goog-user-project=241257961361
[debug] [2026-06-08T05:53:08.516Z] >>> [apiv2][query] GET https://serviceusage.googleapis.com/v1/projects/241257961361/services/pubsub.googleapis.com [none]
[debug] [2026-06-08T05:53:08.516Z] >>> [apiv2][(partial)header] GET https://serviceusage.googleapis.com/v1/projects/241257961361/services/pubsub.googleapis.com  x-goog-user-project=241257961361
[debug] [2026-06-08T05:53:08.526Z] >>> [apiv2][query] GET https://serviceusage.googleapis.com/v1/projects/241257961361/services/storage.googleapis.com [none]
[debug] [2026-06-08T05:53:08.527Z] >>> [apiv2][(partial)header] GET https://serviceusage.googleapis.com/v1/projects/241257961361/services/storage.googleapis.com  x-goog-user-project=241257961361
[debug] [2026-06-08T05:53:10.266Z] <<< [apiv2][status] GET https://serviceusage.googleapis.com/v1/projects/241257961361/services/eventarc.googleapis.com 200
[debug] [2026-06-08T05:53:10.266Z] <<< [apiv2][body] GET https://serviceusage.googleapis.com/v1/projects/241257961361/services/eventarc.googleapis.com [omitted]
[warn] ⚠  functions: missing required API eventarc.googleapis.com. Enabling now... 
[debug] [2026-06-08T05:53:10.268Z] Checked if tokens are valid: true, expires at: 1780901153535
[debug] [2026-06-08T05:53:10.268Z] Checked if tokens are valid: true, expires at: 1780901153535
[debug] [2026-06-08T05:53:10.269Z] >>> [apiv2][query] POST https://serviceusage.googleapis.com/v1/projects/241257961361/services/eventarc.googleapis.com:enable [none]
[debug] [2026-06-08T05:53:10.269Z] >>> [apiv2][(partial)header] POST https://serviceusage.googleapis.com/v1/projects/241257961361/services/eventarc.googleapis.com:enable  x-goog-user-project=241257961361
[debug] [2026-06-08T05:53:10.290Z] <<< [apiv2][status] GET https://serviceusage.googleapis.com/v1/projects/241257961361/services/storage.googleapis.com 200
[debug] [2026-06-08T05:53:10.290Z] <<< [apiv2][body] GET https://serviceusage.googleapis.com/v1/projects/241257961361/services/storage.googleapis.com [omitted]
[info] ✔  functions: required API storage.googleapis.com is enabled 
[debug] [2026-06-08T05:53:10.474Z] <<< [apiv2][status] GET https://serviceusage.googleapis.com/v1/projects/241257961361/services/run.googleapis.com 200
[debug] [2026-06-08T05:53:10.474Z] <<< [apiv2][body] GET https://serviceusage.googleapis.com/v1/projects/241257961361/services/run.googleapis.com [omitted]
[warn] ⚠  functions: missing required API run.googleapis.com. Enabling now... 
[debug] [2026-06-08T05:53:10.478Z] Checked if tokens are valid: true, expires at: 1780901153535
[debug] [2026-06-08T05:53:10.478Z] Checked if tokens are valid: true, expires at: 1780901153535
[debug] [2026-06-08T05:53:10.478Z] >>> [apiv2][query] POST https://serviceusage.googleapis.com/v1/projects/241257961361/services/run.googleapis.com:enable [none]
[debug] [2026-06-08T05:53:10.479Z] >>> [apiv2][(partial)header] POST https://serviceusage.googleapis.com/v1/projects/241257961361/services/run.googleapis.com:enable  x-goog-user-project=241257961361
[debug] [2026-06-08T05:53:10.485Z] <<< [apiv2][status] GET https://serviceusage.googleapis.com/v1/projects/241257961361/services/pubsub.googleapis.com 200
[debug] [2026-06-08T05:53:10.486Z] <<< [apiv2][body] GET https://serviceusage.googleapis.com/v1/projects/241257961361/services/pubsub.googleapis.com [omitted]
[info] ✔  functions: required API pubsub.googleapis.com is enabled 
[debug] [2026-06-08T05:53:10.739Z] <<< [apiv2][status] POST https://serviceusage.googleapis.com/v1/projects/241257961361/services/eventarc.googleapis.com:enable 200
[debug] [2026-06-08T05:53:10.740Z] <<< [apiv2][body] POST https://serviceusage.googleapis.com/v1/projects/241257961361/services/eventarc.googleapis.com:enable [omitted]
[debug] [2026-06-08T05:53:11.184Z] <<< [apiv2][status] POST https://serviceusage.googleapis.com/v1/projects/241257961361/services/run.googleapis.com:enable 200
[debug] [2026-06-08T05:53:11.185Z] <<< [apiv2][body] POST https://serviceusage.googleapis.com/v1/projects/241257961361/services/run.googleapis.com:enable [omitted]
[info] i  functions: generating the service identity for pubsub.googleapis.com... 
[debug] [2026-06-08T05:53:21.198Z] Checked if tokens are valid: true, expires at: 1780901153535
[debug] [2026-06-08T05:53:21.198Z] Checked if tokens are valid: true, expires at: 1780901153535
[info] i  functions: generating the service identity for eventarc.googleapis.com... 
[debug] [2026-06-08T05:53:21.199Z] Checked if tokens are valid: true, expires at: 1780901153535
[debug] [2026-06-08T05:53:21.199Z] Checked if tokens are valid: true, expires at: 1780901153535
[debug] [2026-06-08T05:53:21.200Z] >>> [apiv2][query] POST https://serviceusage.googleapis.com/v1beta1/projects/241257961361/services/pubsub.googleapis.com:generateServiceIdentity [none]
[debug] [2026-06-08T05:53:21.200Z] >>> [apiv2][(partial)header] POST https://serviceusage.googleapis.com/v1beta1/projects/241257961361/services/pubsub.googleapis.com:generateServiceIdentity  x-goog-user-project=241257961361
[debug] [2026-06-08T05:53:21.200Z] >>> [apiv2][body] POST https://serviceusage.googleapis.com/v1beta1/projects/241257961361/services/pubsub.googleapis.com:generateServiceIdentity {}
[debug] [2026-06-08T05:53:21.209Z] >>> [apiv2][query] POST https://serviceusage.googleapis.com/v1beta1/projects/241257961361/services/eventarc.googleapis.com:generateServiceIdentity [none]
[debug] [2026-06-08T05:53:21.209Z] >>> [apiv2][(partial)header] POST https://serviceusage.googleapis.com/v1beta1/projects/241257961361/services/eventarc.googleapis.com:generateServiceIdentity  x-goog-user-project=241257961361
[debug] [2026-06-08T05:53:21.209Z] >>> [apiv2][body] POST https://serviceusage.googleapis.com/v1beta1/projects/241257961361/services/eventarc.googleapis.com:generateServiceIdentity {}
[debug] [2026-06-08T05:53:23.516Z] <<< [apiv2][status] POST https://serviceusage.googleapis.com/v1beta1/projects/241257961361/services/pubsub.googleapis.com:generateServiceIdentity 200
[debug] [2026-06-08T05:53:23.516Z] <<< [apiv2][body] POST https://serviceusage.googleapis.com/v1beta1/projects/241257961361/services/pubsub.googleapis.com:generateServiceIdentity {"name":"operations/finished.DONE_OPERATION","done":true,"response":{"@type":"type.googleapis.com/google.api.serviceusage.v1beta1.ServiceIdentity","email":"service-241257961361@gcp-sa-pubsub.iam.gserviceaccount.com","uniqueId":"103395258325233228519"}}
[debug] [2026-06-08T05:53:23.550Z] <<< [apiv2][status] POST https://serviceusage.googleapis.com/v1beta1/projects/241257961361/services/eventarc.googleapis.com:generateServiceIdentity 200
[debug] [2026-06-08T05:53:23.550Z] <<< [apiv2][body] POST https://serviceusage.googleapis.com/v1beta1/projects/241257961361/services/eventarc.googleapis.com:generateServiceIdentity {"name":"operations/finished.DONE_OPERATION","done":true,"response":{"@type":"type.googleapis.com/google.api.serviceusage.v1beta1.ServiceIdentity","email":"service-241257961361@gcp-sa-eventarc.iam.gserviceaccount.com","uniqueId":"107877701991247269977"}}
[debug] [2026-06-08T05:53:23.558Z] Checked if tokens are valid: true, expires at: 1780901153535
[debug] [2026-06-08T05:53:23.558Z] Checked if tokens are valid: true, expires at: 1780901153535
[debug] [2026-06-08T05:53:23.558Z] >>> [apiv2][query] GET https://cloudresourcemanager.googleapis.com/v1/projects/writers-registration [none]
[debug] [2026-06-08T05:53:25.154Z] <<< [apiv2][status] GET https://cloudresourcemanager.googleapis.com/v1/projects/writers-registration 200
[debug] [2026-06-08T05:53:25.154Z] <<< [apiv2][body] GET https://cloudresourcemanager.googleapis.com/v1/projects/writers-registration {"projectNumber":"241257961361","projectId":"writers-registration","lifecycleState":"ACTIVE","name":"Writers Registration","labels":{"firebase":"enabled","firebase-core":"disabled"},"createTime":"2026-05-21T15:50:49.586Z"}
[debug] [2026-06-08T05:53:25.155Z] Checked if tokens are valid: true, expires at: 1780901153535
[debug] [2026-06-08T05:53:25.155Z] Checked if tokens are valid: true, expires at: 1780901153535
[debug] [2026-06-08T05:53:25.156Z] >>> [apiv2][query] GET https://compute.googleapis.com/compute/v1/projects/241257961361 [none]
[debug] [2026-06-08T05:53:26.203Z] <<< [apiv2][status] GET https://compute.googleapis.com/compute/v1/projects/241257961361 403
[debug] [2026-06-08T05:53:26.204Z] <<< [apiv2][body] GET https://compute.googleapis.com/compute/v1/projects/241257961361 {"error":{"code":403,"message":"Compute Engine API has not been used in project 241257961361 before or it is disabled. Enable it by visiting https://console.developers.google.com/apis/api/compute.googleapis.com/overview?project=241257961361 then retry. If you enabled this API recently, wait a few minutes for the action to propagate to our systems and retry.","errors":[{"message":"Compute Engine API has not been used in project 241257961361 before or it is disabled. Enable it by visiting https://console.developers.google.com/apis/api/compute.googleapis.com/overview?project=241257961361 then retry. If you enabled this API recently, wait a few minutes for the action to propagate to our systems and retry.","domain":"usageLimits","reason":"accessNotConfigured","extendedHelp":"https://console.developers.google.com"}],"status":"PERMISSION_DENIED","details":[{"@type":"type.googleapis.com/google.rpc.ErrorInfo","reason":"SERVICE_DISABLED","domain":"googleapis.com","metadata":{"serviceTitle":"Compute Engine API","activationUrl":"https://console.developers.google.com/apis/api/compute.googleapis.com/overview?project=241257961361","consumer":"projects/241257961361","containerInfo":"241257961361","service":"compute.googleapis.com"}},{"@type":"type.googleapis.com/google.rpc.LocalizedMessage","locale":"en-US","message":"Compute Engine API has not been used in project 241257961361 before or it is disabled. Enable it by visiting https://console.developers.google.com/apis/api/compute.googleapis.com/overview?project=241257961361 then retry. If you enabled this API recently, wait a few minutes for the action to propagate to our systems and retry."},{"@type":"type.googleapis.com/google.rpc.Help","links":[{"description":"Google developers console API activation","url":"https://console.developers.google.com/apis/api/compute.googleapis.com/overview?project=241257961361"}]}]}}
[debug] [2026-06-08T05:53:26.206Z] unable to look up default compute service account. Falling back to 241257961361-compute@developer.gserviceaccount.com. Error: {"name":"FirebaseError","children":[],"context":{"body":{"error":{"code":403,"message":"Compute Engine API has not been used in project 241257961361 before or it is disabled. Enable it by visiting https://console.developers.google.com/apis/api/compute.googleapis.com/overview?project=241257961361 then retry. If you enabled this API recently, wait a few minutes for the action to propagate to our systems and retry.","errors":[{"message":"Compute Engine API has not been used in project 241257961361 before or it is disabled. Enable it by visiting https://console.developers.google.com/apis/api/compute.googleapis.com/overview?project=241257961361 then retry. If you enabled this API recently, wait a few minutes for the action to propagate to our systems and retry.","domain":"usageLimits","reason":"accessNotConfigured","extendedHelp":"https://console.developers.google.com"}],"status":"PERMISSION_DENIED","details":[{"@type":"type.googleapis.com/google.rpc.ErrorInfo","reason":"SERVICE_DISABLED","domain":"googleapis.com","metadata":{"serviceTitle":"Compute Engine API","activationUrl":"https://console.developers.google.com/apis/api/compute.googleapis.com/overview?project=241257961361","consumer":"projects/241257961361","containerInfo":"241257961361","service":"compute.googleapis.com"}},{"@type":"type.googleapis.com/google.rpc.LocalizedMessage","locale":"en-US","message":"Compute Engine API has not been used in project 241257961361 before or it is disabled. Enable it by visiting https://console.developers.google.com/apis/api/compute.googleapis.com/overview?project=241257961361 then retry. If you enabled this API recently, wait a few minutes for the action to propagate to our systems and retry."},{"@type":"type.googleapis.com/google.rpc.Help","links":[{"description":"Google developers console API activation","url":"https://console.developers.google.com/apis/api/compute.googleapis.com/overview?project=241257961361"}]}]}},"response":{"statusCode":403}},"exit":1,"message":"Request to https://compute.googleapis.com/compute/v1/projects/241257961361 had HTTP Error: 403, Compute Engine API has not been used in project 241257961361 before or it is disabled. Enable it by visiting https://console.developers.google.com/apis/api/compute.googleapis.com/overview?project=241257961361 then retry. If you enabled this API recently, wait a few minutes for the action to propagate to our systems and retry.","status":403}
[debug] [2026-06-08T05:53:26.209Z] Checked if tokens are valid: true, expires at: 1780901153535
[debug] [2026-06-08T05:53:26.209Z] Checked if tokens are valid: true, expires at: 1780901153535
[debug] [2026-06-08T05:53:26.210Z] >>> [apiv2][query] GET https://cloudbilling.googleapis.com/v1/projects/writers-registration/billingInfo [none]
[debug] [2026-06-08T05:53:27.921Z] <<< [apiv2][status] GET https://cloudbilling.googleapis.com/v1/projects/writers-registration/billingInfo 200
[debug] [2026-06-08T05:53:27.922Z] <<< [apiv2][body] GET https://cloudbilling.googleapis.com/v1/projects/writers-registration/billingInfo {"name":"projects/writers-registration/billingInfo","projectId":"writers-registration","billingAccountName":"billingAccounts/01947C-2C3551-AC0373","billingEnabled":true}
[debug] [2026-06-08T05:53:27.927Z] Checked if tokens are valid: true, expires at: 1780901153535
[debug] [2026-06-08T05:53:27.927Z] Checked if tokens are valid: true, expires at: 1780901153535
[debug] [2026-06-08T05:53:27.928Z] >>> [apiv2][query] POST https://cloudfunctions.googleapis.com/v2/projects/writers-registration/locations/us-central1/functions:generateUploadUrl [none]
[debug] [2026-06-08T05:53:31.033Z] <<< [apiv2][status] POST https://cloudfunctions.googleapis.com/v2/projects/writers-registration/locations/us-central1/functions:generateUploadUrl 200
[debug] [2026-06-08T05:53:31.033Z] <<< [apiv2][body] POST https://cloudfunctions.googleapis.com/v2/projects/writers-registration/locations/us-central1/functions:generateUploadUrl {"uploadUrl":"https://storage.googleapis.com/gcf-v2-uploads-241257961361.us-central1.cloudfunctions.appspot.com/e616e535-db64-469d-afeb-d0ea20ccfcbd.zip?GoogleAccessId=service-241257961361@gcf-admin-robot.iam.gserviceaccount.com&Expires=1780899810&Signature=UNj4sIeq4%2FyDcJIcSfYJUYsCcEJT4x%2BpOXkFACvpA%2FpJ5AoCGPhD%2FMJvmqNhG7tijIrpEmii2savlGhu29iUiakhcXruHbF2onMxSFQwZO4T8Qy2RW8GfpBde%2FZBYzomR3F2sKXzdWpGHFnTEh18m0KZCqMepmfJB01N8ySYQhJ%2FGtdRVF0RoT86VTwDtTxRBCUAJrM%2FVlHBW3grL3Hurkssy1j1zoTZyG99E8sqJcAVroSviUD1xkmqPu1aWles4M%2FhHgahlqxvT%2FGnp7cTp7zj5eUpBwyg3A2ddare%2BY3%2BTWLA1Oh28GO7Zx8cZcvTDlKvswqiV71NVYEAArD%2FeA%3D%3D","storageSource":{"bucket":"gcf-v2-uploads-241257961361.us-central1.cloudfunctions.appspot.com","object":"e616e535-db64-469d-afeb-d0ea20ccfcbd.zip"}}
[debug] [2026-06-08T05:53:31.037Z] >>> [apiv2][query] PUT https://storage.googleapis.com/gcf-v2-uploads-241257961361.us-central1.cloudfunctions.appspot.com/e616e535-db64-469d-afeb-d0ea20ccfcbd.zip GoogleAccessId=service-241257961361%40gcf-admin-robot.iam.gserviceaccount.com&Expires=1780899810&Signature=UNj4sIeq4%2FyDcJIcSfYJUYsCcEJT4x%2BpOXkFACvpA%2FpJ5AoCGPhD%2FMJvmqNhG7tijIrpEmii2savlGhu29iUiakhcXruHbF2onMxSFQwZO4T8Qy2RW8GfpBde%2FZBYzomR3F2sKXzdWpGHFnTEh18m0KZCqMepmfJB01N8ySYQhJ%2FGtdRVF0RoT86VTwDtTxRBCUAJrM%2FVlHBW3grL3Hurkssy1j1zoTZyG99E8sqJcAVroSviUD1xkmqPu1aWles4M%2FhHgahlqxvT%2FGnp7cTp7zj5eUpBwyg3A2ddare%2BY3%2BTWLA1Oh28GO7Zx8cZcvTDlKvswqiV71NVYEAArD%2FeA%3D%3D
[debug] [2026-06-08T05:53:31.037Z] >>> [apiv2][body] PUT https://storage.googleapis.com/gcf-v2-uploads-241257961361.us-central1.cloudfunctions.appspot.com/e616e535-db64-469d-afeb-d0ea20ccfcbd.zip [stream]
[debug] [2026-06-08T05:53:32.203Z] <<< [apiv2][status] PUT https://storage.googleapis.com/gcf-v2-uploads-241257961361.us-central1.cloudfunctions.appspot.com/e616e535-db64-469d-afeb-d0ea20ccfcbd.zip 200
[debug] [2026-06-08T05:53:32.203Z] <<< [apiv2][body] PUT https://storage.googleapis.com/gcf-v2-uploads-241257961361.us-central1.cloudfunctions.appspot.com/e616e535-db64-469d-afeb-d0ea20ccfcbd.zip [omitted]
[info] ✔  functions: functions source uploaded successfully 
[info] i  functions: creating Node.js 20 (2nd Gen) function dailyRenewalCheck(us-central1)... 
[debug] [2026-06-08T05:53:32.222Z] Checked if tokens are valid: true, expires at: 1780901153535
[debug] [2026-06-08T05:53:32.222Z] Checked if tokens are valid: true, expires at: 1780901153535
[debug] [2026-06-08T05:53:32.223Z] >>> [apiv2][query] POST https://cloudfunctions.googleapis.com/v2/projects/writers-registration/locations/us-central1/functions functionId=dailyRenewalCheck
[debug] [2026-06-08T05:53:32.224Z] >>> [apiv2][body] POST https://cloudfunctions.googleapis.com/v2/projects/writers-registration/locations/us-central1/functions {"name":"projects/writers-registration/locations/us-central1/functions/dailyRenewalCheck","buildConfig":{"runtime":"nodejs20","entryPoint":"dailyRenewalCheck","source":{"storageSource":{"bucket":"gcf-v2-uploads-241257961361.us-central1.cloudfunctions.appspot.com","object":"e616e535-db64-469d-afeb-d0ea20ccfcbd.zip"}},"environmentVariables":{"GOOGLE_NODE_RUN_SCRIPTS":""}},"serviceConfig":{"environmentVariables":{"FAST2SMS_API_KEY":"A4foQwlupr92I1Tvd8skHB6hOGK7JYPaVX5qxbSgjzLEFNZeUmKjRbxCmkSd6qLD3OAGUhgsEPiuINHf","RESEND_API_KEY":"re_WyEbGqBu_KgYY6ALtRp2HCkuAV2LbnTAi","FIREBASE_CONFIG":"{\"projectId\":\"writers-registration\",\"storageBucket\":\"writers-registration.firebasestorage.app\"}","GCLOUD_PROJECT":"writers-registration","EVENTARC_CLOUD_EVENT_SOURCE":"projects/writers-registration/locations/us-central1/services/dailyRenewalCheck","FUNCTION_TARGET":"dailyRenewalCheck","LOG_EXECUTION_ID":"true"},"ingressSettings":null,"timeoutSeconds":null,"serviceAccountEmail":null,"availableMemory":"256Mi","minInstanceCount":null,"maxInstanceCount":null,"maxInstanceRequestConcurrency":80,"availableCpu":"1","vpcConnector":null,"vpcConnectorEgressSettings":null,"directVpcNetworkInterface":null,"directVpcEgress":null},"labels":{"deployment-tool":"cli-firebase","deployment-scheduled":"true","firebase-functions-hash":"43610ad4a62ba1bc3cf5504da172b6240b1a741e"}}
[debug] [2026-06-08T05:53:35.436Z] <<< [apiv2][status] POST https://cloudfunctions.googleapis.com/v2/projects/writers-registration/locations/us-central1/functions 200
[debug] [2026-06-08T05:53:35.436Z] <<< [apiv2][body] POST https://cloudfunctions.googleapis.com/v2/projects/writers-registration/locations/us-central1/functions {"name":"projects/writers-registration/locations/us-central1/operations/operation-1780898013494-653b7a179bb45-772accd6-5913f7c2","metadata":{"@type":"type.googleapis.com/google.cloud.functions.v2.OperationMetadata","createTime":"2026-06-08T05:53:35.251552703Z","target":"projects/writers-registration/locations/us-central1/functions/dailyRenewalCheck","verb":"create","cancelRequested":false,"apiVersion":"v2"},"done":false}
[debug] [2026-06-08T05:53:35.439Z] Checked if tokens are valid: true, expires at: 1780901153535
[debug] [2026-06-08T05:53:35.439Z] Checked if tokens are valid: true, expires at: 1780901153535
[debug] [2026-06-08T05:53:35.440Z] >>> [apiv2][query] GET https://cloudfunctions.googleapis.com/v2/projects/writers-registration/locations/us-central1/operations/operation-1780898013494-653b7a179bb45-772accd6-5913f7c2 [none]
[debug] [2026-06-08T05:53:36.830Z] <<< [apiv2][status] GET https://cloudfunctions.googleapis.com/v2/projects/writers-registration/locations/us-central1/operations/operation-1780898013494-653b7a179bb45-772accd6-5913f7c2 200
[debug] [2026-06-08T05:53:36.831Z] <<< [apiv2][body] GET https://cloudfunctions.googleapis.com/v2/projects/writers-registration/locations/us-central1/operations/operation-1780898013494-653b7a179bb45-772accd6-5913f7c2 {"name":"projects/writers-registration/locations/us-central1/operations/operation-1780898013494-653b7a179bb45-772accd6-5913f7c2","metadata":{"@type":"type.googleapis.com/google.cloud.functions.v2.OperationMetadata","createTime":"2026-06-08T05:53:35.251552703Z","target":"projects/writers-registration/locations/us-central1/functions/dailyRenewalCheck","verb":"create","cancelRequested":false,"apiVersion":"v2","requestResource":{"@type":"type.googleapis.com/google.cloud.functions.v2.Function","name":"projects/writers-registration/locations/us-central1/functions/dailyRenewalCheck","buildConfig":{"runtime":"nodejs20","entryPoint":"dailyRenewalCheck","source":{"storageSource":{"bucket":"gcf-v2-sources-241257961361-us-central1","object":"dailyRenewalCheck/function-source.zip","generation":"1780898014341743"}},"environmentVariables":{"GOOGLE_NODE_RUN_SCRIPTS":""},"serviceAccount":"projects/writers-registration/serviceAccounts/241257961361-compute@developer.gserviceaccount.com","automaticUpdatePolicy":{}},"serviceConfig":{"service":"projects/writers-registration/locations/us-central1/services/dailyrenewalcheck","timeoutSeconds":60,"environmentVariables":{"FAST2SMS_API_KEY":"A4foQwlupr92I1Tvd8skHB6hOGK7JYPaVX5qxbSgjzLEFNZeUmKjRbxCmkSd6qLD3OAGUhgsEPiuINHf","RESEND_API_KEY":"re_WyEbGqBu_KgYY6ALtRp2HCkuAV2LbnTAi","FIREBASE_CONFIG":"{\"projectId\":\"writers-registration\",\"storageBucket\":\"writers-registration.firebasestorage.app\"}","GCLOUD_PROJECT":"writers-registration","EVENTARC_CLOUD_EVENT_SOURCE":"projects/writers-registration/locations/us-central1/services/dailyRenewalCheck","FUNCTION_TARGET":"dailyRenewalCheck","LOG_EXECUTION_ID":"true"},"ingressSettings":"ALLOW_ALL","serviceAccountEmail":"241257961361-compute@developer.gserviceaccount.com","availableMemory":"256Mi","maxInstanceRequestConcurrency":80,"availableCpu":"1"},"labels":{"deployment-tool":"cli-firebase","deployment-scheduled":"true","firebase-functions-hash":"43610ad4a62ba1bc3cf5504da172b6240b1a741e"},"environment":"GEN_2"},"stages":[{"name":"BUILD","state":"NOT_STARTED","stateMessages":[{"severity":"WARNING","type":"BuildAnalysisWarning","message":"Node.js 20 is no longer supported by the Node.js community as of 30 April, 2026. Runtime nodejs20 is currently deprecated for Cloud Functions. We recommend you to upgrade to the latest version of Node.js as soon as possible."}]},{"name":"SERVICE","state":"NOT_STARTED"}],"operationType":"CREATE_FUNCTION"},"done":false}
[debug] [2026-06-08T05:53:37.332Z] [create-default-us-central1-dailyRenewalCheck] Retrying task index 0
[debug] [2026-06-08T05:53:37.333Z] Checked if tokens are valid: true, expires at: 1780901153535
[debug] [2026-06-08T05:53:37.333Z] Checked if tokens are valid: true, expires at: 1780901153535
[debug] [2026-06-08T05:53:37.333Z] >>> [apiv2][query] GET https://cloudfunctions.googleapis.com/v2/projects/writers-registration/locations/us-central1/operations/operation-1780898013494-653b7a179bb45-772accd6-5913f7c2 [none]
[debug] [2026-06-08T05:53:38.774Z] <<< [apiv2][status] GET https://cloudfunctions.googleapis.com/v2/projects/writers-registration/locations/us-central1/operations/operation-1780898013494-653b7a179bb45-772accd6-5913f7c2 200
[debug] [2026-06-08T05:53:38.775Z] <<< [apiv2][body] GET https://cloudfunctions.googleapis.com/v2/projects/writers-registration/locations/us-central1/operations/operation-1780898013494-653b7a179bb45-772accd6-5913f7c2 {"name":"projects/writers-registration/locations/us-central1/operations/operation-1780898013494-653b7a179bb45-772accd6-5913f7c2","metadata":{"@type":"type.googleapis.com/google.cloud.functions.v2.OperationMetadata","createTime":"2026-06-08T05:53:35.251552703Z","target":"projects/writers-registration/locations/us-central1/functions/dailyRenewalCheck","verb":"create","cancelRequested":false,"apiVersion":"v2","requestResource":{"@type":"type.googleapis.com/google.cloud.functions.v2.Function","name":"projects/writers-registration/locations/us-central1/functions/dailyRenewalCheck","buildConfig":{"runtime":"nodejs20","entryPoint":"dailyRenewalCheck","source":{"storageSource":{"bucket":"gcf-v2-sources-241257961361-us-central1","object":"dailyRenewalCheck/function-source.zip","generation":"1780898014341743"}},"environmentVariables":{"GOOGLE_NODE_RUN_SCRIPTS":""},"serviceAccount":"projects/writers-registration/serviceAccounts/241257961361-compute@developer.gserviceaccount.com","automaticUpdatePolicy":{}},"serviceConfig":{"service":"projects/writers-registration/locations/us-central1/services/dailyrenewalcheck","timeoutSeconds":60,"environmentVariables":{"FAST2SMS_API_KEY":"A4foQwlupr92I1Tvd8skHB6hOGK7JYPaVX5qxbSgjzLEFNZeUmKjRbxCmkSd6qLD3OAGUhgsEPiuINHf","RESEND_API_KEY":"re_WyEbGqBu_KgYY6ALtRp2HCkuAV2LbnTAi","FIREBASE_CONFIG":"{\"projectId\":\"writers-registration\",\"storageBucket\":\"writers-registration.firebasestorage.app\"}","GCLOUD_PROJECT":"writers-registration","EVENTARC_CLOUD_EVENT_SOURCE":"projects/writers-registration/locations/us-central1/services/dailyRenewalCheck","FUNCTION_TARGET":"dailyRenewalCheck","LOG_EXECUTION_ID":"true"},"ingressSettings":"ALLOW_ALL","serviceAccountEmail":"241257961361-compute@developer.gserviceaccount.com","availableMemory":"256Mi","maxInstanceRequestConcurrency":80,"availableCpu":"1"},"labels":{"deployment-tool":"cli-firebase","deployment-scheduled":"true","firebase-functions-hash":"43610ad4a62ba1bc3cf5504da172b6240b1a741e"},"environment":"GEN_2"},"stages":[{"name":"BUILD","state":"NOT_STARTED","stateMessages":[{"severity":"WARNING","type":"BuildAnalysisWarning","message":"Node.js 20 is no longer supported by the Node.js community as of 30 April, 2026. Runtime nodejs20 is currently deprecated for Cloud Functions. We recommend you to upgrade to the latest version of Node.js as soon as possible."}]},{"name":"SERVICE","state":"NOT_STARTED"}],"operationType":"CREATE_FUNCTION"},"done":false}
[debug] [2026-06-08T05:53:39.776Z] [create-default-us-central1-dailyRenewalCheck] Retrying task index 0
[debug] [2026-06-08T05:53:39.777Z] Checked if tokens are valid: true, expires at: 1780901153535
[debug] [2026-06-08T05:53:39.778Z] Checked if tokens are valid: true, expires at: 1780901153535
[debug] [2026-06-08T05:53:39.778Z] >>> [apiv2][query] GET https://cloudfunctions.googleapis.com/v2/projects/writers-registration/locations/us-central1/operations/operation-1780898013494-653b7a179bb45-772accd6-5913f7c2 [none]
[debug] [2026-06-08T05:53:41.163Z] <<< [apiv2][status] GET https://cloudfunctions.googleapis.com/v2/projects/writers-registration/locations/us-central1/operations/operation-1780898013494-653b7a179bb45-772accd6-5913f7c2 200
[debug] [2026-06-08T05:53:41.164Z] <<< [apiv2][body] GET https://cloudfunctions.googleapis.com/v2/projects/writers-registration/locations/us-central1/operations/operation-1780898013494-653b7a179bb45-772accd6-5913f7c2 {"name":"projects/writers-registration/locations/us-central1/operations/operation-1780898013494-653b7a179bb45-772accd6-5913f7c2","metadata":{"@type":"type.googleapis.com/google.cloud.functions.v2.OperationMetadata","createTime":"2026-06-08T05:53:35.251552703Z","target":"projects/writers-registration/locations/us-central1/functions/dailyRenewalCheck","verb":"create","cancelRequested":false,"apiVersion":"v2","requestResource":{"@type":"type.googleapis.com/google.cloud.functions.v2.Function","name":"projects/writers-registration/locations/us-central1/functions/dailyRenewalCheck","buildConfig":{"runtime":"nodejs20","entryPoint":"dailyRenewalCheck","source":{"storageSource":{"bucket":"gcf-v2-sources-241257961361-us-central1","object":"dailyRenewalCheck/function-source.zip","generation":"1780898014341743"}},"environmentVariables":{"GOOGLE_NODE_RUN_SCRIPTS":""},"serviceAccount":"projects/writers-registration/serviceAccounts/241257961361-compute@developer.gserviceaccount.com","automaticUpdatePolicy":{}},"serviceConfig":{"service":"projects/writers-registration/locations/us-central1/services/dailyrenewalcheck","timeoutSeconds":60,"environmentVariables":{"FAST2SMS_API_KEY":"A4foQwlupr92I1Tvd8skHB6hOGK7JYPaVX5qxbSgjzLEFNZeUmKjRbxCmkSd6qLD3OAGUhgsEPiuINHf","RESEND_API_KEY":"re_WyEbGqBu_KgYY6ALtRp2HCkuAV2LbnTAi","FIREBASE_CONFIG":"{\"projectId\":\"writers-registration\",\"storageBucket\":\"writers-registration.firebasestorage.app\"}","GCLOUD_PROJECT":"writers-registration","EVENTARC_CLOUD_EVENT_SOURCE":"projects/writers-registration/locations/us-central1/services/dailyRenewalCheck","FUNCTION_TARGET":"dailyRenewalCheck","LOG_EXECUTION_ID":"true"},"ingressSettings":"ALLOW_ALL","serviceAccountEmail":"241257961361-compute@developer.gserviceaccount.com","availableMemory":"256Mi","maxInstanceRequestConcurrency":80,"availableCpu":"1"},"labels":{"deployment-tool":"cli-firebase","deployment-scheduled":"true","firebase-functions-hash":"43610ad4a62ba1bc3cf5504da172b6240b1a741e"},"environment":"GEN_2"},"stages":[{"name":"BUILD","state":"NOT_STARTED","stateMessages":[{"severity":"WARNING","type":"BuildAnalysisWarning","message":"Node.js 20 is no longer supported by the Node.js community as of 30 April, 2026. Runtime nodejs20 is currently deprecated for Cloud Functions. We recommend you to upgrade to the latest version of Node.js as soon as possible."}]},{"name":"SERVICE","state":"NOT_STARTED"}],"operationType":"CREATE_FUNCTION"},"done":false}
[debug] [2026-06-08T05:53:43.167Z] [create-default-us-central1-dailyRenewalCheck] Retrying task index 0
[debug] [2026-06-08T05:53:43.168Z] Checked if tokens are valid: true, expires at: 1780901153535
[debug] [2026-06-08T05:53:43.168Z] Checked if tokens are valid: true, expires at: 1780901153535
[debug] [2026-06-08T05:53:43.168Z] >>> [apiv2][query] GET https://cloudfunctions.googleapis.com/v2/projects/writers-registration/locations/us-central1/operations/operation-1780898013494-653b7a179bb45-772accd6-5913f7c2 [none]
[debug] [2026-06-08T05:53:44.669Z] <<< [apiv2][status] GET https://cloudfunctions.googleapis.com/v2/projects/writers-registration/locations/us-central1/operations/operation-1780898013494-653b7a179bb45-772accd6-5913f7c2 200
[debug] [2026-06-08T05:53:44.669Z] <<< [apiv2][body] GET https://cloudfunctions.googleapis.com/v2/projects/writers-registration/locations/us-central1/operations/operation-1780898013494-653b7a179bb45-772accd6-5913f7c2 {"name":"projects/writers-registration/locations/us-central1/operations/operation-1780898013494-653b7a179bb45-772accd6-5913f7c2","metadata":{"@type":"type.googleapis.com/google.cloud.functions.v2.OperationMetadata","createTime":"2026-06-08T05:53:35.251552703Z","target":"projects/writers-registration/locations/us-central1/functions/dailyRenewalCheck","verb":"create","cancelRequested":false,"apiVersion":"v2","requestResource":{"@type":"type.googleapis.com/google.cloud.functions.v2.Function","name":"projects/writers-registration/locations/us-central1/functions/dailyRenewalCheck","buildConfig":{"runtime":"nodejs20","entryPoint":"dailyRenewalCheck","source":{"storageSource":{"bucket":"gcf-v2-sources-241257961361-us-central1","object":"dailyRenewalCheck/function-source.zip","generation":"1780898014341743"}},"environmentVariables":{"GOOGLE_NODE_RUN_SCRIPTS":""},"serviceAccount":"projects/writers-registration/serviceAccounts/241257961361-compute@developer.gserviceaccount.com","automaticUpdatePolicy":{}},"serviceConfig":{"service":"projects/writers-registration/locations/us-central1/services/dailyrenewalcheck","timeoutSeconds":60,"environmentVariables":{"FAST2SMS_API_KEY":"A4foQwlupr92I1Tvd8skHB6hOGK7JYPaVX5qxbSgjzLEFNZeUmKjRbxCmkSd6qLD3OAGUhgsEPiuINHf","RESEND_API_KEY":"re_WyEbGqBu_KgYY6ALtRp2HCkuAV2LbnTAi","FIREBASE_CONFIG":"{\"projectId\":\"writers-registration\",\"storageBucket\":\"writers-registration.firebasestorage.app\"}","GCLOUD_PROJECT":"writers-registration","EVENTARC_CLOUD_EVENT_SOURCE":"projects/writers-registration/locations/us-central1/services/dailyRenewalCheck","FUNCTION_TARGET":"dailyRenewalCheck","LOG_EXECUTION_ID":"true"},"ingressSettings":"ALLOW_ALL","serviceAccountEmail":"241257961361-compute@developer.gserviceaccount.com","availableMemory":"256Mi","maxInstanceRequestConcurrency":80,"availableCpu":"1"},"labels":{"deployment-tool":"cli-firebase","deployment-scheduled":"true","firebase-functions-hash":"43610ad4a62ba1bc3cf5504da172b6240b1a741e"},"environment":"GEN_2"},"stages":[{"name":"BUILD","state":"NOT_STARTED","stateMessages":[{"severity":"WARNING","type":"BuildAnalysisWarning","message":"Node.js 20 is no longer supported by the Node.js community as of 30 April, 2026. Runtime nodejs20 is currently deprecated for Cloud Functions. We recommend you to upgrade to the latest version of Node.js as soon as possible."}]},{"name":"SERVICE","state":"NOT_STARTED"}],"operationType":"CREATE_FUNCTION"},"done":false}
[debug] [2026-06-08T05:53:48.671Z] [create-default-us-central1-dailyRenewalCheck] Retrying task index 0
[debug] [2026-06-08T05:53:48.672Z] Checked if tokens are valid: true, expires at: 1780901153535
[debug] [2026-06-08T05:53:48.672Z] Checked if tokens are valid: true, expires at: 1780901153535
[debug] [2026-06-08T05:53:48.673Z] >>> [apiv2][query] GET https://cloudfunctions.googleapis.com/v2/projects/writers-registration/locations/us-central1/operations/operation-1780898013494-653b7a179bb45-772accd6-5913f7c2 [none]
[debug] [2026-06-08T05:53:49.279Z] <<< [apiv2][status] GET https://cloudfunctions.googleapis.com/v2/projects/writers-registration/locations/us-central1/operations/operation-1780898013494-653b7a179bb45-772accd6-5913f7c2 200
[debug] [2026-06-08T05:53:49.280Z] <<< [apiv2][body] GET https://cloudfunctions.googleapis.com/v2/projects/writers-registration/locations/us-central1/operations/operation-1780898013494-653b7a179bb45-772accd6-5913f7c2 {"name":"projects/writers-registration/locations/us-central1/operations/operation-1780898013494-653b7a179bb45-772accd6-5913f7c2","metadata":{"@type":"type.googleapis.com/google.cloud.functions.v2.OperationMetadata","createTime":"2026-06-08T05:53:35.251552703Z","target":"projects/writers-registration/locations/us-central1/functions/dailyRenewalCheck","verb":"create","cancelRequested":false,"apiVersion":"v2","requestResource":{"@type":"type.googleapis.com/google.cloud.functions.v2.Function","name":"projects/writers-registration/locations/us-central1/functions/dailyRenewalCheck","buildConfig":{"runtime":"nodejs20","entryPoint":"dailyRenewalCheck","source":{"storageSource":{"bucket":"gcf-v2-sources-241257961361-us-central1","object":"dailyRenewalCheck/function-source.zip","generation":"1780898014341743"}},"environmentVariables":{"GOOGLE_NODE_RUN_SCRIPTS":""},"serviceAccount":"projects/writers-registration/serviceAccounts/241257961361-compute@developer.gserviceaccount.com","automaticUpdatePolicy":{}},"serviceConfig":{"service":"projects/writers-registration/locations/us-central1/services/dailyrenewalcheck","timeoutSeconds":60,"environmentVariables":{"FAST2SMS_API_KEY":"A4foQwlupr92I1Tvd8skHB6hOGK7JYPaVX5qxbSgjzLEFNZeUmKjRbxCmkSd6qLD3OAGUhgsEPiuINHf","RESEND_API_KEY":"re_WyEbGqBu_KgYY6ALtRp2HCkuAV2LbnTAi","FIREBASE_CONFIG":"{\"projectId\":\"writers-registration\",\"storageBucket\":\"writers-registration.firebasestorage.app\"}","GCLOUD_PROJECT":"writers-registration","EVENTARC_CLOUD_EVENT_SOURCE":"projects/writers-registration/locations/us-central1/services/dailyRenewalCheck","FUNCTION_TARGET":"dailyRenewalCheck","LOG_EXECUTION_ID":"true"},"ingressSettings":"ALLOW_ALL","serviceAccountEmail":"241257961361-compute@developer.gserviceaccount.com","availableMemory":"256Mi","maxInstanceRequestConcurrency":80,"availableCpu":"1"},"labels":{"deployment-tool":"cli-firebase","deployment-scheduled":"true","firebase-functions-hash":"43610ad4a62ba1bc3cf5504da172b6240b1a741e"},"environment":"GEN_2"},"stages":[{"name":"BUILD","message":"Build in progress","state":"IN_PROGRESS","resource":"projects/241257961361/locations/us-central1/builds/f7bef919-3159-4d50-93e4-15caccbb5924","resourceUri":"https://console.cloud.google.com/cloud-build/builds;region=us-central1/f7bef919-3159-4d50-93e4-15caccbb5924?project=241257961361"},{"name":"SERVICE","state":"NOT_STARTED"}],"operationType":"CREATE_FUNCTION","buildName":"projects/241257961361/locations/us-central1/builds/f7bef919-3159-4d50-93e4-15caccbb5924"},"done":false}
[debug] [2026-06-08T05:53:57.283Z] [create-default-us-central1-dailyRenewalCheck] Retrying task index 0
[debug] [2026-06-08T05:53:57.284Z] Checked if tokens are valid: true, expires at: 1780901153535
[debug] [2026-06-08T05:53:57.285Z] Checked if tokens are valid: true, expires at: 1780901153535
[debug] [2026-06-08T05:53:57.285Z] >>> [apiv2][query] GET https://cloudfunctions.googleapis.com/v2/projects/writers-registration/locations/us-central1/operations/operation-1780898013494-653b7a179bb45-772accd6-5913f7c2 [none]
[debug] [2026-06-08T05:53:59.007Z] <<< [apiv2][status] GET https://cloudfunctions.googleapis.com/v2/projects/writers-registration/locations/us-central1/operations/operation-1780898013494-653b7a179bb45-772accd6-5913f7c2 200
[debug] [2026-06-08T05:53:59.008Z] <<< [apiv2][body] GET https://cloudfunctions.googleapis.com/v2/projects/writers-registration/locations/us-central1/operations/operation-1780898013494-653b7a179bb45-772accd6-5913f7c2 {"name":"projects/writers-registration/locations/us-central1/operations/operation-1780898013494-653b7a179bb45-772accd6-5913f7c2","metadata":{"@type":"type.googleapis.com/google.cloud.functions.v2.OperationMetadata","createTime":"2026-06-08T05:53:35.251552703Z","target":"projects/writers-registration/locations/us-central1/functions/dailyRenewalCheck","verb":"create","cancelRequested":false,"apiVersion":"v2","requestResource":{"@type":"type.googleapis.com/google.cloud.functions.v2.Function","name":"projects/writers-registration/locations/us-central1/functions/dailyRenewalCheck","buildConfig":{"runtime":"nodejs20","entryPoint":"dailyRenewalCheck","source":{"storageSource":{"bucket":"gcf-v2-sources-241257961361-us-central1","object":"dailyRenewalCheck/function-source.zip","generation":"1780898014341743"}},"environmentVariables":{"GOOGLE_NODE_RUN_SCRIPTS":""},"serviceAccount":"projects/writers-registration/serviceAccounts/241257961361-compute@developer.gserviceaccount.com","automaticUpdatePolicy":{}},"serviceConfig":{"service":"projects/writers-registration/locations/us-central1/services/dailyrenewalcheck","timeoutSeconds":60,"environmentVariables":{"FAST2SMS_API_KEY":"A4foQwlupr92I1Tvd8skHB6hOGK7JYPaVX5qxbSgjzLEFNZeUmKjRbxCmkSd6qLD3OAGUhgsEPiuINHf","RESEND_API_KEY":"re_WyEbGqBu_KgYY6ALtRp2HCkuAV2LbnTAi","FIREBASE_CONFIG":"{\"projectId\":\"writers-registration\",\"storageBucket\":\"writers-registration.firebasestorage.app\"}","GCLOUD_PROJECT":"writers-registration","EVENTARC_CLOUD_EVENT_SOURCE":"projects/writers-registration/locations/us-central1/services/dailyRenewalCheck","FUNCTION_TARGET":"dailyRenewalCheck","LOG_EXECUTION_ID":"true"},"ingressSettings":"ALLOW_ALL","serviceAccountEmail":"241257961361-compute@developer.gserviceaccount.com","availableMemory":"256Mi","maxInstanceRequestConcurrency":80,"availableCpu":"1"},"labels":{"deployment-tool":"cli-firebase","deployment-scheduled":"true","firebase-functions-hash":"43610ad4a62ba1bc3cf5504da172b6240b1a741e"},"environment":"GEN_2"},"stages":[{"name":"BUILD","message":"Build in progress","state":"IN_PROGRESS","resource":"projects/241257961361/locations/us-central1/builds/f7bef919-3159-4d50-93e4-15caccbb5924","resourceUri":"https://console.cloud.google.com/cloud-build/builds;region=us-central1/f7bef919-3159-4d50-93e4-15caccbb5924?project=241257961361"},{"name":"SERVICE","state":"NOT_STARTED"}],"operationType":"CREATE_FUNCTION","buildName":"projects/241257961361/locations/us-central1/builds/f7bef919-3159-4d50-93e4-15caccbb5924"},"done":false}
[debug] [2026-06-08T05:54:09.014Z] [create-default-us-central1-dailyRenewalCheck] Retrying task index 0
[debug] [2026-06-08T05:54:09.015Z] Checked if tokens are valid: true, expires at: 1780901153535
[debug] [2026-06-08T05:54:09.015Z] Checked if tokens are valid: true, expires at: 1780901153535
[debug] [2026-06-08T05:54:09.016Z] >>> [apiv2][query] GET https://cloudfunctions.googleapis.com/v2/projects/writers-registration/locations/us-central1/operations/operation-1780898013494-653b7a179bb45-772accd6-5913f7c2 [none]
[debug] [2026-06-08T05:54:10.678Z] <<< [apiv2][status] GET https://cloudfunctions.googleapis.com/v2/projects/writers-registration/locations/us-central1/operations/operation-1780898013494-653b7a179bb45-772accd6-5913f7c2 200
[debug] [2026-06-08T05:54:10.678Z] <<< [apiv2][body] GET https://cloudfunctions.googleapis.com/v2/projects/writers-registration/locations/us-central1/operations/operation-1780898013494-653b7a179bb45-772accd6-5913f7c2 {"name":"projects/writers-registration/locations/us-central1/operations/operation-1780898013494-653b7a179bb45-772accd6-5913f7c2","metadata":{"@type":"type.googleapis.com/google.cloud.functions.v2.OperationMetadata","createTime":"2026-06-08T05:53:35.251552703Z","target":"projects/writers-registration/locations/us-central1/functions/dailyRenewalCheck","verb":"create","cancelRequested":false,"apiVersion":"v2","requestResource":{"@type":"type.googleapis.com/google.cloud.functions.v2.Function","name":"projects/writers-registration/locations/us-central1/functions/dailyRenewalCheck","buildConfig":{"runtime":"nodejs20","entryPoint":"dailyRenewalCheck","source":{"storageSource":{"bucket":"gcf-v2-sources-241257961361-us-central1","object":"dailyRenewalCheck/function-source.zip","generation":"1780898014341743"}},"environmentVariables":{"GOOGLE_NODE_RUN_SCRIPTS":""},"serviceAccount":"projects/writers-registration/serviceAccounts/241257961361-compute@developer.gserviceaccount.com","automaticUpdatePolicy":{}},"serviceConfig":{"service":"projects/writers-registration/locations/us-central1/services/dailyrenewalcheck","timeoutSeconds":60,"environmentVariables":{"FAST2SMS_API_KEY":"A4foQwlupr92I1Tvd8skHB6hOGK7JYPaVX5qxbSgjzLEFNZeUmKjRbxCmkSd6qLD3OAGUhgsEPiuINHf","RESEND_API_KEY":"re_WyEbGqBu_KgYY6ALtRp2HCkuAV2LbnTAi","FIREBASE_CONFIG":"{\"projectId\":\"writers-registration\",\"storageBucket\":\"writers-registration.firebasestorage.app\"}","GCLOUD_PROJECT":"writers-registration","EVENTARC_CLOUD_EVENT_SOURCE":"projects/writers-registration/locations/us-central1/services/dailyRenewalCheck","FUNCTION_TARGET":"dailyRenewalCheck","LOG_EXECUTION_ID":"true"},"ingressSettings":"ALLOW_ALL","serviceAccountEmail":"241257961361-compute@developer.gserviceaccount.com","availableMemory":"256Mi","maxInstanceRequestConcurrency":80,"availableCpu":"1"},"labels":{"deployment-tool":"cli-firebase","deployment-scheduled":"true","firebase-functions-hash":"43610ad4a62ba1bc3cf5504da172b6240b1a741e"},"environment":"GEN_2"},"stages":[{"name":"BUILD","message":"Build in progress","state":"IN_PROGRESS","resource":"projects/241257961361/locations/us-central1/builds/f7bef919-3159-4d50-93e4-15caccbb5924","resourceUri":"https://console.cloud.google.com/cloud-build/builds;region=us-central1/f7bef919-3159-4d50-93e4-15caccbb5924?project=241257961361"},{"name":"SERVICE","state":"NOT_STARTED"}],"operationType":"CREATE_FUNCTION","buildName":"projects/241257961361/locations/us-central1/builds/f7bef919-3159-4d50-93e4-15caccbb5924"},"done":false}
[debug] [2026-06-08T05:54:20.683Z] [create-default-us-central1-dailyRenewalCheck] Retrying task index 0
[debug] [2026-06-08T05:54:20.684Z] Checked if tokens are valid: true, expires at: 1780901153535
[debug] [2026-06-08T05:54:20.684Z] Checked if tokens are valid: true, expires at: 1780901153535
[debug] [2026-06-08T05:54:20.684Z] >>> [apiv2][query] GET https://cloudfunctions.googleapis.com/v2/projects/writers-registration/locations/us-central1/operations/operation-1780898013494-653b7a179bb45-772accd6-5913f7c2 [none]
[debug] [2026-06-08T05:54:20.691Z] *** [apiv2] error from fetch(https://cloudfunctions.googleapis.com/v2/projects/writers-registration/locations/us-central1/operations/operation-1780898013494-653b7a179bb45-772accd6-5913f7c2, {"headers":{},"method":"GET"}): FetchError: request to https://cloudfunctions.googleapis.com/v2/projects/writers-registration/locations/us-central1/operations/operation-1780898013494-653b7a179bb45-772accd6-5913f7c2 failed, reason: getaddrinfo EAI_AGAIN cloudfunctions.googleapis.com
[debug] [2026-06-08T05:54:30.696Z] [create-default-us-central1-dailyRenewalCheck] Retrying task index 0
[debug] [2026-06-08T05:54:30.697Z] Checked if tokens are valid: true, expires at: 1780901153535
[debug] [2026-06-08T05:54:30.697Z] Checked if tokens are valid: true, expires at: 1780901153535
[debug] [2026-06-08T05:54:30.697Z] >>> [apiv2][query] GET https://cloudfunctions.googleapis.com/v2/projects/writers-registration/locations/us-central1/operations/operation-1780898013494-653b7a179bb45-772accd6-5913f7c2 [none]
[debug] [2026-06-08T05:54:30.701Z] *** [apiv2] error from fetch(https://cloudfunctions.googleapis.com/v2/projects/writers-registration/locations/us-central1/operations/operation-1780898013494-653b7a179bb45-772accd6-5913f7c2, {"headers":{},"method":"GET"}): FetchError: request to https://cloudfunctions.googleapis.com/v2/projects/writers-registration/locations/us-central1/operations/operation-1780898013494-653b7a179bb45-772accd6-5913f7c2 failed, reason: getaddrinfo EAI_AGAIN cloudfunctions.googleapis.com
[debug] [2026-06-08T05:54:40.707Z] [create-default-us-central1-dailyRenewalCheck] Retrying task index 0
[debug] [2026-06-08T05:54:40.709Z] Checked if tokens are valid: true, expires at: 1780901153535
[debug] [2026-06-08T05:54:40.709Z] Checked if tokens are valid: true, expires at: 1780901153535
[debug] [2026-06-08T05:54:40.710Z] >>> [apiv2][query] GET https://cloudfunctions.googleapis.com/v2/projects/writers-registration/locations/us-central1/operations/operation-1780898013494-653b7a179bb45-772accd6-5913f7c2 [none]
[debug] [2026-06-08T05:54:40.732Z] *** [apiv2] error from fetch(https://cloudfunctions.googleapis.com/v2/projects/writers-registration/locations/us-central1/operations/operation-1780898013494-653b7a179bb45-772accd6-5913f7c2, {"headers":{},"method":"GET"}): FetchError: request to https://cloudfunctions.googleapis.com/v2/projects/writers-registration/locations/us-central1/operations/operation-1780898013494-653b7a179bb45-772accd6-5913f7c2 failed, reason: getaddrinfo EAI_AGAIN cloudfunctions.googleapis.com
[debug] [2026-06-08T05:54:50.736Z] [create-default-us-central1-dailyRenewalCheck] Retrying task index 0
[debug] [2026-06-08T05:54:50.737Z] Checked if tokens are valid: true, expires at: 1780901153535
[debug] [2026-06-08T05:54:50.737Z] Checked if tokens are valid: true, expires at: 1780901153535
[debug] [2026-06-08T05:54:50.738Z] >>> [apiv2][query] GET https://cloudfunctions.googleapis.com/v2/projects/writers-registration/locations/us-central1/operations/operation-1780898013494-653b7a179bb45-772accd6-5913f7c2 [none]
[debug] [2026-06-08T05:54:52.638Z] <<< [apiv2][status] GET https://cloudfunctions.googleapis.com/v2/projects/writers-registration/locations/us-central1/operations/operation-1780898013494-653b7a179bb45-772accd6-5913f7c2 200
[debug] [2026-06-08T05:54:52.639Z] <<< [apiv2][body] GET https://cloudfunctions.googleapis.com/v2/projects/writers-registration/locations/us-central1/operations/operation-1780898013494-653b7a179bb45-772accd6-5913f7c2 {"name":"projects/writers-registration/locations/us-central1/operations/operation-1780898013494-653b7a179bb45-772accd6-5913f7c2","metadata":{"@type":"type.googleapis.com/google.cloud.functions.v2.OperationMetadata","createTime":"2026-06-08T05:53:35.251552703Z","endTime":"2026-06-08T05:54:22.288293981Z","target":"projects/writers-registration/locations/us-central1/functions/dailyRenewalCheck","verb":"create","cancelRequested":false,"apiVersion":"v2","requestResource":{"@type":"type.googleapis.com/google.cloud.functions.v2.Function","name":"projects/writers-registration/locations/us-central1/functions/dailyRenewalCheck","buildConfig":{"runtime":"nodejs20","entryPoint":"dailyRenewalCheck","source":{"storageSource":{"bucket":"gcf-v2-sources-241257961361-us-central1","object":"dailyRenewalCheck/function-source.zip","generation":"1780898014341743"}},"environmentVariables":{"GOOGLE_NODE_RUN_SCRIPTS":""},"serviceAccount":"projects/writers-registration/serviceAccounts/241257961361-compute@developer.gserviceaccount.com","automaticUpdatePolicy":{}},"serviceConfig":{"service":"projects/writers-registration/locations/us-central1/services/dailyrenewalcheck","timeoutSeconds":60,"environmentVariables":{"FAST2SMS_API_KEY":"A4foQwlupr92I1Tvd8skHB6hOGK7JYPaVX5qxbSgjzLEFNZeUmKjRbxCmkSd6qLD3OAGUhgsEPiuINHf","RESEND_API_KEY":"re_WyEbGqBu_KgYY6ALtRp2HCkuAV2LbnTAi","FIREBASE_CONFIG":"{\"projectId\":\"writers-registration\",\"storageBucket\":\"writers-registration.firebasestorage.app\"}","GCLOUD_PROJECT":"writers-registration","EVENTARC_CLOUD_EVENT_SOURCE":"projects/writers-registration/locations/us-central1/services/dailyRenewalCheck","FUNCTION_TARGET":"dailyRenewalCheck","LOG_EXECUTION_ID":"true"},"ingressSettings":"ALLOW_ALL","serviceAccountEmail":"241257961361-compute@developer.gserviceaccount.com","availableMemory":"256Mi","maxInstanceRequestConcurrency":80,"availableCpu":"1"},"labels":{"deployment-tool":"cli-firebase","deployment-scheduled":"true","firebase-functions-hash":"43610ad4a62ba1bc3cf5504da172b6240b1a741e"},"environment":"GEN_2"},"stages":[{"name":"ARTIFACT_REGISTRY","message":"Deleting function artifacts in Artifact Registry","state":"COMPLETE"},{"name":"SERVICE","message":"Deleting Cloud Run service","state":"COMPLETE","resource":"projects/writers-registration/locations/us-central1/services/dailyrenewalcheck"}],"operationType":"CREATE_FUNCTION"},"done":true,"error":{"code":3,"message":"Build failed with status: FAILURE. Could not build the function due to a missing permission on the build service account. If you didn't revoke that permission explicitly, this could be caused by a change in the organization policies. Please refer to the following documentation for more details and resolution: https://cloud.google.com/functions/docs/troubleshooting#build-service-account\n You can also view the logs at https://console.cloud.google.com/cloud-build/builds;region=us-central1/f7bef919-3159-4d50-93e4-15caccbb5924?project=241257961361.\n"}}
[debug] [2026-06-08T05:54:52.640Z] Got source token undefined for region us-central1
[error] Build failed with status: FAILURE. Could not build the function due to a missing permission on the build service account. If you didn't revoke that permission explicitly, this could be caused by a change in the organization policies. Please refer to the following documentation for more details and resolution: https://cloud.google.com/functions/docs/troubleshooting#build-service-account
 You can also view the logs at https://console.cloud.google.com/cloud-build/builds;region=us-central1/f7bef919-3159-4d50-93e4-15caccbb5924?project=241257961361.

[warn] ⚠  functions: Deploys failed. Skipping deletes. 
[debug] [2026-06-08T05:54:52.674Z] Total Function Deployment time: 80435
[debug] [2026-06-08T05:54:52.675Z] 1 Functions Deployed
[debug] [2026-06-08T05:54:52.675Z] 1 Functions Errored
[debug] [2026-06-08T05:54:52.675Z] 0 Function Deployments Aborted
[debug] [2026-06-08T05:54:52.675Z] Average Function Deployment time: 80431
[info] 
[info] Functions deploy had errors with the following functions:
	dailyRenewalCheck(us-central1)
[debug] [2026-06-08T05:54:53.008Z] Checked if tokens are valid: true, expires at: 1780901153535
[debug] [2026-06-08T05:54:53.008Z] Checked if tokens are valid: true, expires at: 1780901153535
[debug] [2026-06-08T05:54:53.009Z] >>> [apiv2][query] GET https://artifactregistry.googleapis.com/v1/projects/writers-registration/locations/us-central1/repositories/gcf-artifacts [none]
[debug] [2026-06-08T05:54:59.246Z] ----------------------------------------------------------------------
[debug] [2026-06-08T05:54:59.248Z] Command:       /home/mr-bhanu/.nvm/versions/node/v20.20.1/bin/node /usr/bin/firebase deploy --only functions
[debug] [2026-06-08T05:54:59.248Z] CLI Version:   15.19.1
[debug] [2026-06-08T05:54:59.249Z] Platform:      linux
[debug] [2026-06-08T05:54:59.249Z] Node Version:  v20.20.1
[debug] [2026-06-08T05:54:59.249Z] Time:          Mon Jun 08 2026 11:24:59 GMT+0530 (India Standard Time)
[debug] [2026-06-08T05:54:59.249Z] ----------------------------------------------------------------------
[debug] 
[debug] [2026-06-08T05:55:00.476Z] > command requires scopes: ["email","openid","https://www.googleapis.com/auth/cloudplatformprojects.readonly","https://www.googleapis.com/auth/firebase","https://www.googleapis.com/auth/cloud-platform"]
[debug] [2026-06-08T05:55:00.477Z] > authorizing via signed-in user (telugucinewritersassociation1@gmail.com)
[debug] [2026-06-08T05:55:00.477Z] [iam] checking project writers-registration for permissions ["cloudfunctions.functions.create","cloudfunctions.functions.delete","cloudfunctions.functions.get","cloudfunctions.functions.list","cloudfunctions.functions.update","cloudfunctions.operations.get","firebase.projects.get"]
[debug] [2026-06-08T05:55:00.478Z] Checked if tokens are valid: true, expires at: 1780901153535
[debug] [2026-06-08T05:55:00.478Z] Checked if tokens are valid: true, expires at: 1780901153535
[debug] [2026-06-08T05:55:00.479Z] >>> [apiv2][query] POST https://cloudresourcemanager.googleapis.com/v1/projects/writers-registration:testIamPermissions [none]
[debug] [2026-06-08T05:55:00.480Z] >>> [apiv2][(partial)header] POST https://cloudresourcemanager.googleapis.com/v1/projects/writers-registration:testIamPermissions  x-goog-user-project=writers-registration
[debug] [2026-06-08T05:55:00.480Z] >>> [apiv2][body] POST https://cloudresourcemanager.googleapis.com/v1/projects/writers-registration:testIamPermissions {"permissions":["cloudfunctions.functions.create","cloudfunctions.functions.delete","cloudfunctions.functions.get","cloudfunctions.functions.list","cloudfunctions.functions.update","cloudfunctions.operations.get","firebase.projects.get"]}
[debug] [2026-06-08T05:55:02.353Z] <<< [apiv2][status] POST https://cloudresourcemanager.googleapis.com/v1/projects/writers-registration:testIamPermissions 200
[debug] [2026-06-08T05:55:02.353Z] <<< [apiv2][body] POST https://cloudresourcemanager.googleapis.com/v1/projects/writers-registration:testIamPermissions {"permissions":["cloudfunctions.functions.create","cloudfunctions.functions.delete","cloudfunctions.functions.get","cloudfunctions.functions.list","cloudfunctions.functions.update","cloudfunctions.operations.get","firebase.projects.get"]}
[debug] [2026-06-08T05:55:02.354Z] Checked if tokens are valid: true, expires at: 1780901153535
[debug] [2026-06-08T05:55:02.354Z] Checked if tokens are valid: true, expires at: 1780901153535
[debug] [2026-06-08T05:55:02.354Z] >>> [apiv2][query] POST https://iam.googleapis.com/v1/projects/writers-registration/serviceAccounts/writers-registration@appspot.gserviceaccount.com:testIamPermissions [none]
[debug] [2026-06-08T05:55:02.354Z] >>> [apiv2][body] POST https://iam.googleapis.com/v1/projects/writers-registration/serviceAccounts/writers-registration@appspot.gserviceaccount.com:testIamPermissions {"permissions":["iam.serviceAccounts.actAs"]}
[debug] [2026-06-08T05:55:04.319Z] <<< [apiv2][status] POST https://iam.googleapis.com/v1/projects/writers-registration/serviceAccounts/writers-registration@appspot.gserviceaccount.com:testIamPermissions 200
[debug] [2026-06-08T05:55:04.319Z] <<< [apiv2][body] POST https://iam.googleapis.com/v1/projects/writers-registration/serviceAccounts/writers-registration@appspot.gserviceaccount.com:testIamPermissions {"permissions":["iam.serviceAccounts.actAs"]}
[info] 
[info] === Deploying to 'writers-registration'...
[info] 
[info] i  deploying functions 
[debug] [2026-06-08T05:55:04.333Z] Checked if tokens are valid: true, expires at: 1780901153535
[debug] [2026-06-08T05:55:04.333Z] Checked if tokens are valid: true, expires at: 1780901153535
[debug] [2026-06-08T05:55:04.333Z] >>> [apiv2][query] GET https://cloudresourcemanager.googleapis.com/v1/projects/writers-registration [none]
[debug] [2026-06-08T05:55:04.793Z] <<< [apiv2][status] GET https://cloudresourcemanager.googleapis.com/v1/projects/writers-registration 200
[debug] [2026-06-08T05:55:04.793Z] <<< [apiv2][body] GET https://cloudresourcemanager.googleapis.com/v1/projects/writers-registration {"projectNumber":"241257961361","projectId":"writers-registration","lifecycleState":"ACTIVE","name":"Writers Registration","labels":{"firebase":"enabled","firebase-core":"disabled"},"createTime":"2026-05-21T15:50:49.586Z"}
[info] i  functions: preparing codebase default for deployment 
[info] i  functions: ensuring required API cloudfunctions.googleapis.com is enabled... 
[info] i  functions: ensuring required API cloudbuild.googleapis.com is enabled... 
[info] i  artifactregistry: ensuring required API artifactregistry.googleapis.com is enabled... 
[debug] [2026-06-08T05:55:04.803Z] Checked if tokens are valid: true, expires at: 1780901153535
[debug] [2026-06-08T05:55:04.803Z] Checked if tokens are valid: true, expires at: 1780901153535
[debug] [2026-06-08T05:55:04.804Z] >>> [apiv2][query] GET https://firebase.googleapis.com/v1beta1/projects/writers-registration/adminSdkConfig [none]
[debug] [2026-06-08T05:55:05.881Z] <<< [apiv2][status] GET https://firebase.googleapis.com/v1beta1/projects/writers-registration/adminSdkConfig 200
[debug] [2026-06-08T05:55:05.882Z] <<< [apiv2][body] GET https://firebase.googleapis.com/v1beta1/projects/writers-registration/adminSdkConfig {"projectId":"writers-registration","storageBucket":"writers-registration.firebasestorage.app"}
[debug] [2026-06-08T05:55:05.884Z] Checked if tokens are valid: true, expires at: 1780901153535
[debug] [2026-06-08T05:55:05.884Z] Checked if tokens are valid: true, expires at: 1780901153535
[debug] [2026-06-08T05:55:05.884Z] >>> [apiv2][query] GET https://runtimeconfig.googleapis.com/v1beta1/projects/writers-registration/configs [none]
[debug] [2026-06-08T05:55:11.757Z] <<< [apiv2][status] GET https://runtimeconfig.googleapis.com/v1beta1/projects/writers-registration/configs 200
[debug] [2026-06-08T05:55:11.757Z] <<< [apiv2][body] GET https://runtimeconfig.googleapis.com/v1beta1/projects/writers-registration/configs {}
[debug] [2026-06-08T05:55:11.762Z] Validating nodejs source
[warn] ⚠  functions: Runtime Node.js 20 was deprecated on 2026-04-30 and will be decommissioned on 2026-10-30, after which you will not be able to deploy without upgrading. Consider upgrading now to avoid disruption. See https://cloud.google.com/functions/docs/runtime-support for full details on the lifecycle policy 
[warn] ⚠  functions: package.json indicates an outdated version of firebase-functions. Please upgrade using npm install --save firebase-functions@latest in your functions directory. 
[warn] ⚠  functions: Please note that there will be breaking changes when you upgrade. 
[debug] [2026-06-08T05:55:12.898Z] > [functions] package.json contents: {
  "name": "functions",
  "description": "Cloud Functions for Firebase",
  "scripts": {
    "serve": "firebase emulators:start --only functions",
    "shell": "firebase functions:shell",
    "start": "npm run shell",
    "deploy": "firebase deploy --only functions",
    "logs": "firebase functions:log"
  },
  "engines": {
    "node": "20"
  },
  "main": "index.js",
  "dependencies": {
    "firebase-admin": "^12.0.0",
    "firebase-functions": "^5.0.0",
    "axios": "^1.6.0",
    "resend": "^3.2.0"
  },
  "devDependencies": {
    "firebase-functions-test": "^3.1.0"
  },
  "private": true
}
[debug] [2026-06-08T05:55:12.898Z] Building nodejs source
[info] i  functions: Loading and analyzing source code for codebase default to determine what to deploy 
[debug] [2026-06-08T05:55:12.901Z] Could not find functions.yaml. Must use http discovery
[debug] [2026-06-08T05:55:12.907Z] Found firebase-functions binary at '/home/mr-bhanu/Mr_Bhanu/Projects/Freelancing Projects/MovieScriptProject/writers-registration/functions/node_modules/.bin/firebase-functions'
[info] Serving at port 8342

[debug] [2026-06-08T05:55:13.312Z] Got response from /__/functions.yaml {"endpoints":{"dailyRenewalCheck":{"availableMemoryMb":null,"timeoutSeconds":null,"minInstances":null,"maxInstances":null,"ingressSettings":null,"concurrency":null,"serviceAccountEmail":null,"vpc":null,"platform":"gcfv2","labels":{},"scheduleTrigger":{"schedule":"every day 09:00","retryConfig":{"retryCount":null,"maxDoublings":null,"maxRetrySeconds":null,"minBackoffSeconds":null,"maxBackoffSeconds":null},"timeZone":null},"entryPoint":"dailyRenewalCheck"}},"specVersion":"v1alpha1","requiredAPIs":[{"api":"cloudscheduler.googleapis.com","reason":"Needed for scheduled functions."}],"extensions":{}}
[debug] [2026-06-08T05:55:17.360Z] Checked if tokens are valid: true, expires at: 1780901153535
[debug] [2026-06-08T05:55:17.360Z] Checked if tokens are valid: true, expires at: 1780901153535
[debug] [2026-06-08T05:55:17.361Z] >>> [apiv2][query] GET https://cloudfunctions.googleapis.com/v1/projects/writers-registration/locations/-/functions [none]
[debug] [2026-06-08T05:55:18.411Z] <<< [apiv2][status] GET https://cloudfunctions.googleapis.com/v1/projects/writers-registration/locations/-/functions 200
[debug] [2026-06-08T05:55:18.412Z] <<< [apiv2][body] GET https://cloudfunctions.googleapis.com/v1/projects/writers-registration/locations/-/functions {}
[debug] [2026-06-08T05:55:18.413Z] Checked if tokens are valid: true, expires at: 1780901153535
[debug] [2026-06-08T05:55:18.413Z] Checked if tokens are valid: true, expires at: 1780901153535
[debug] [2026-06-08T05:55:18.415Z] >>> [apiv2][query] GET https://cloudfunctions.googleapis.com/v2/projects/writers-registration/locations/-/functions filter=environment%3D%22GEN_2%22
[debug] [2026-06-08T05:55:20.459Z] <<< [apiv2][status] GET https://cloudfunctions.googleapis.com/v2/projects/writers-registration/locations/-/functions 200
[debug] [2026-06-08T05:55:20.459Z] <<< [apiv2][body] GET https://cloudfunctions.googleapis.com/v2/projects/writers-registration/locations/-/functions {"functions":[{"name":"projects/writers-registration/locations/us-central1/functions/dailyRenewalCheck","buildConfig":{"build":"projects/241257961361/locations/us-central1/builds/f7bef919-3159-4d50-93e4-15caccbb5924","runtime":"nodejs20","entryPoint":"dailyRenewalCheck","source":{"storageSource":{"bucket":"gcf-v2-sources-241257961361-us-central1","object":"dailyRenewalCheck/function-source.zip","generation":"1780898014341743"}},"environmentVariables":{"GOOGLE_NODE_RUN_SCRIPTS":""},"dockerRepository":"projects/writers-registration/locations/us-central1/repositories/gcf-artifacts","sourceProvenance":{"resolvedStorageSource":{"bucket":"gcf-v2-sources-241257961361-us-central1","object":"dailyRenewalCheck/function-source.zip","generation":"1780898014341743"}},"dockerRegistry":"ARTIFACT_REGISTRY","serviceAccount":"projects/writers-registration/serviceAccounts/241257961361-compute@developer.gserviceaccount.com","automaticUpdatePolicy":{}},"state":"FAILED","updateTime":"2026-06-08T05:54:22.298694675Z","labels":{"deployment-tool":"cli-firebase","deployment-scheduled":"true","firebase-functions-hash":"43610ad4a62ba1bc3cf5504da172b6240b1a741e"},"stateMessages":[{"severity":"ERROR","type":"CloudRunServiceNotFound","message":"Cloud Run service projects/writers-registration/locations/us-central1/services/dailyrenewalcheck for the function was not found. The function will not work correctly. Please redeploy."}],"environment":"GEN_2","url":"https://us-central1-writers-registration.cloudfunctions.net/dailyRenewalCheck","createTime":"2026-06-08T05:53:35.246480817Z","satisfiesPzi":true}]}
[info] i  extensions: ensuring required API firebaseextensions.googleapis.com is enabled... 
[debug] [2026-06-08T05:55:20.464Z] > command requires scopes: ["email","openid","https://www.googleapis.com/auth/cloudplatformprojects.readonly","https://www.googleapis.com/auth/firebase","https://www.googleapis.com/auth/cloud-platform"]
[debug] [2026-06-08T05:55:20.465Z] > authorizing via signed-in user (telugucinewritersassociation1@gmail.com)
[debug] [2026-06-08T05:55:20.465Z] [iam] checking project writers-registration for permissions ["firebase.projects.get","firebaseextensions.instances.list"]
[debug] [2026-06-08T05:55:20.466Z] Checked if tokens are valid: true, expires at: 1780901153535
[debug] [2026-06-08T05:55:20.466Z] Checked if tokens are valid: true, expires at: 1780901153535
[debug] [2026-06-08T05:55:20.466Z] >>> [apiv2][query] POST https://cloudresourcemanager.googleapis.com/v1/projects/writers-registration:testIamPermissions [none]
[debug] [2026-06-08T05:55:20.466Z] >>> [apiv2][(partial)header] POST https://cloudresourcemanager.googleapis.com/v1/projects/writers-registration:testIamPermissions  x-goog-user-project=writers-registration
[debug] [2026-06-08T05:55:20.467Z] >>> [apiv2][body] POST https://cloudresourcemanager.googleapis.com/v1/projects/writers-registration:testIamPermissions {"permissions":["firebase.projects.get","firebaseextensions.instances.list"]}
[debug] [2026-06-08T05:55:21.176Z] <<< [apiv2][status] POST https://cloudresourcemanager.googleapis.com/v1/projects/writers-registration:testIamPermissions 200
[debug] [2026-06-08T05:55:21.176Z] <<< [apiv2][body] POST https://cloudresourcemanager.googleapis.com/v1/projects/writers-registration:testIamPermissions {"permissions":["firebase.projects.get","firebaseextensions.instances.list"]}
[debug] [2026-06-08T05:55:21.178Z] Checked if tokens are valid: true, expires at: 1780901153535
[debug] [2026-06-08T05:55:21.178Z] Checked if tokens are valid: true, expires at: 1780901153535
[debug] [2026-06-08T05:55:21.179Z] >>> [apiv2][query] GET https://firebaseextensions.googleapis.com/v1beta/projects/writers-registration/instances pageSize=100&pageToken=
[debug] [2026-06-08T05:55:23.299Z] <<< [apiv2][status] GET https://firebaseextensions.googleapis.com/v1beta/projects/writers-registration/instances 200
[debug] [2026-06-08T05:55:23.299Z] <<< [apiv2][body] GET https://firebaseextensions.googleapis.com/v1beta/projects/writers-registration/instances {}
[info] i  functions: Loaded environment variables from .env. 
[info] i  functions: preparing functions directory for uploading... 
[info] i  functions: packaged /home/mr-bhanu/Mr_Bhanu/Projects/Freelancing Projects/MovieScriptProject/writers-registration/functions (75.45 KB) for uploading 
[info] i  functions: ensuring required API cloudscheduler.googleapis.com is enabled... 
[info] i  functions: ensuring required API run.googleapis.com is enabled... 
[info] i  functions: ensuring required API eventarc.googleapis.com is enabled... 
[info] i  functions: ensuring required API pubsub.googleapis.com is enabled... 
[info] i  functions: ensuring required API storage.googleapis.com is enabled... 
[info] i  functions: generating the service identity for pubsub.googleapis.com... 
[debug] [2026-06-08T05:55:23.416Z] Checked if tokens are valid: true, expires at: 1780901153535
[debug] [2026-06-08T05:55:23.416Z] Checked if tokens are valid: true, expires at: 1780901153535
[info] i  functions: generating the service identity for eventarc.googleapis.com... 
[debug] [2026-06-08T05:55:23.417Z] Checked if tokens are valid: true, expires at: 1780901153535
[debug] [2026-06-08T05:55:23.417Z] Checked if tokens are valid: true, expires at: 1780901153535
[debug] [2026-06-08T05:55:23.417Z] >>> [apiv2][query] POST https://serviceusage.googleapis.com/v1beta1/projects/241257961361/services/pubsub.googleapis.com:generateServiceIdentity [none]
[debug] [2026-06-08T05:55:23.417Z] >>> [apiv2][(partial)header] POST https://serviceusage.googleapis.com/v1beta1/projects/241257961361/services/pubsub.googleapis.com:generateServiceIdentity  x-goog-user-project=241257961361
[debug] [2026-06-08T05:55:23.417Z] >>> [apiv2][body] POST https://serviceusage.googleapis.com/v1beta1/projects/241257961361/services/pubsub.googleapis.com:generateServiceIdentity {}
[debug] [2026-06-08T05:55:23.419Z] >>> [apiv2][query] POST https://serviceusage.googleapis.com/v1beta1/projects/241257961361/services/eventarc.googleapis.com:generateServiceIdentity [none]
[debug] [2026-06-08T05:55:23.419Z] >>> [apiv2][(partial)header] POST https://serviceusage.googleapis.com/v1beta1/projects/241257961361/services/eventarc.googleapis.com:generateServiceIdentity  x-goog-user-project=241257961361
[debug] [2026-06-08T05:55:23.419Z] >>> [apiv2][body] POST https://serviceusage.googleapis.com/v1beta1/projects/241257961361/services/eventarc.googleapis.com:generateServiceIdentity {}
[debug] [2026-06-08T05:55:25.519Z] <<< [apiv2][status] POST https://serviceusage.googleapis.com/v1beta1/projects/241257961361/services/pubsub.googleapis.com:generateServiceIdentity 200
[debug] [2026-06-08T05:55:25.519Z] <<< [apiv2][body] POST https://serviceusage.googleapis.com/v1beta1/projects/241257961361/services/pubsub.googleapis.com:generateServiceIdentity {"name":"operations/finished.DONE_OPERATION","done":true,"response":{"@type":"type.googleapis.com/google.api.serviceusage.v1beta1.ServiceIdentity","email":"service-241257961361@gcp-sa-pubsub.iam.gserviceaccount.com","uniqueId":"103395258325233228519"}}
[debug] [2026-06-08T05:55:25.521Z] <<< [apiv2][status] POST https://serviceusage.googleapis.com/v1beta1/projects/241257961361/services/eventarc.googleapis.com:generateServiceIdentity 200
[debug] [2026-06-08T05:55:25.521Z] <<< [apiv2][body] POST https://serviceusage.googleapis.com/v1beta1/projects/241257961361/services/eventarc.googleapis.com:generateServiceIdentity {"name":"operations/finished.DONE_OPERATION","done":true,"response":{"@type":"type.googleapis.com/google.api.serviceusage.v1beta1.ServiceIdentity","email":"service-241257961361@gcp-sa-eventarc.iam.gserviceaccount.com","uniqueId":"107877701991247269977"}}
[debug] [2026-06-08T05:55:25.530Z] Checked if tokens are valid: true, expires at: 1780901153535
[debug] [2026-06-08T05:55:25.531Z] Checked if tokens are valid: true, expires at: 1780901153535
[debug] [2026-06-08T05:55:25.531Z] >>> [apiv2][query] GET https://cloudresourcemanager.googleapis.com/v1/projects/writers-registration [none]
[debug] [2026-06-08T05:55:26.321Z] <<< [apiv2][status] GET https://cloudresourcemanager.googleapis.com/v1/projects/writers-registration 200
[debug] [2026-06-08T05:55:26.322Z] <<< [apiv2][body] GET https://cloudresourcemanager.googleapis.com/v1/projects/writers-registration {"projectNumber":"241257961361","projectId":"writers-registration","lifecycleState":"ACTIVE","name":"Writers Registration","labels":{"firebase":"enabled","firebase-core":"disabled"},"createTime":"2026-05-21T15:50:49.586Z"}
[debug] [2026-06-08T05:55:26.330Z] Checked if tokens are valid: true, expires at: 1780901153535
[debug] [2026-06-08T05:55:26.330Z] Checked if tokens are valid: true, expires at: 1780901153535
[debug] [2026-06-08T05:55:26.331Z] >>> [apiv2][query] GET https://compute.googleapis.com/compute/v1/projects/241257961361 [none]
[debug] [2026-06-08T05:55:27.011Z] <<< [apiv2][status] GET https://compute.googleapis.com/compute/v1/projects/241257961361 403
[debug] [2026-06-08T05:55:27.011Z] <<< [apiv2][body] GET https://compute.googleapis.com/compute/v1/projects/241257961361 {"error":{"code":403,"message":"Compute Engine API has not been used in project 241257961361 before or it is disabled. Enable it by visiting https://console.developers.google.com/apis/api/compute.googleapis.com/overview?project=241257961361 then retry. If you enabled this API recently, wait a few minutes for the action to propagate to our systems and retry.","errors":[{"message":"Compute Engine API has not been used in project 241257961361 before or it is disabled. Enable it by visiting https://console.developers.google.com/apis/api/compute.googleapis.com/overview?project=241257961361 then retry. If you enabled this API recently, wait a few minutes for the action to propagate to our systems and retry.","domain":"usageLimits","reason":"accessNotConfigured","extendedHelp":"https://console.developers.google.com"}],"status":"PERMISSION_DENIED","details":[{"@type":"type.googleapis.com/google.rpc.ErrorInfo","reason":"SERVICE_DISABLED","domain":"googleapis.com","metadata":{"activationUrl":"https://console.developers.google.com/apis/api/compute.googleapis.com/overview?project=241257961361","consumer":"projects/241257961361","serviceTitle":"Compute Engine API","service":"compute.googleapis.com","containerInfo":"241257961361"}},{"@type":"type.googleapis.com/google.rpc.LocalizedMessage","locale":"en-US","message":"Compute Engine API has not been used in project 241257961361 before or it is disabled. Enable it by visiting https://console.developers.google.com/apis/api/compute.googleapis.com/overview?project=241257961361 then retry. If you enabled this API recently, wait a few minutes for the action to propagate to our systems and retry."},{"@type":"type.googleapis.com/google.rpc.Help","links":[{"description":"Google developers console API activation","url":"https://console.developers.google.com/apis/api/compute.googleapis.com/overview?project=241257961361"}]}]}}
[debug] [2026-06-08T05:55:27.013Z] unable to look up default compute service account. Falling back to 241257961361-compute@developer.gserviceaccount.com. Error: {"name":"FirebaseError","children":[],"context":{"body":{"error":{"code":403,"message":"Compute Engine API has not been used in project 241257961361 before or it is disabled. Enable it by visiting https://console.developers.google.com/apis/api/compute.googleapis.com/overview?project=241257961361 then retry. If you enabled this API recently, wait a few minutes for the action to propagate to our systems and retry.","errors":[{"message":"Compute Engine API has not been used in project 241257961361 before or it is disabled. Enable it by visiting https://console.developers.google.com/apis/api/compute.googleapis.com/overview?project=241257961361 then retry. If you enabled this API recently, wait a few minutes for the action to propagate to our systems and retry.","domain":"usageLimits","reason":"accessNotConfigured","extendedHelp":"https://console.developers.google.com"}],"status":"PERMISSION_DENIED","details":[{"@type":"type.googleapis.com/google.rpc.ErrorInfo","reason":"SERVICE_DISABLED","domain":"googleapis.com","metadata":{"activationUrl":"https://console.developers.google.com/apis/api/compute.googleapis.com/overview?project=241257961361","consumer":"projects/241257961361","serviceTitle":"Compute Engine API","service":"compute.googleapis.com","containerInfo":"241257961361"}},{"@type":"type.googleapis.com/google.rpc.LocalizedMessage","locale":"en-US","message":"Compute Engine API has not been used in project 241257961361 before or it is disabled. Enable it by visiting https://console.developers.google.com/apis/api/compute.googleapis.com/overview?project=241257961361 then retry. If you enabled this API recently, wait a few minutes for the action to propagate to our systems and retry."},{"@type":"type.googleapis.com/google.rpc.Help","links":[{"description":"Google developers console API activation","url":"https://console.developers.google.com/apis/api/compute.googleapis.com/overview?project=241257961361"}]}]}},"response":{"statusCode":403}},"exit":1,"message":"Request to https://compute.googleapis.com/compute/v1/projects/241257961361 had HTTP Error: 403, Compute Engine API has not been used in project 241257961361 before or it is disabled. Enable it by visiting https://console.developers.google.com/apis/api/compute.googleapis.com/overview?project=241257961361 then retry. If you enabled this API recently, wait a few minutes for the action to propagate to our systems and retry.","status":403}
[debug] [2026-06-08T05:55:27.014Z] Checked if tokens are valid: true, expires at: 1780901153535
[debug] [2026-06-08T05:55:27.014Z] Checked if tokens are valid: true, expires at: 1780901153535
[debug] [2026-06-08T05:55:27.015Z] >>> [apiv2][query] GET https://compute.googleapis.com/compute/v1/projects/241257961361 [none]
[debug] [2026-06-08T05:55:27.376Z] <<< [apiv2][status] GET https://compute.googleapis.com/compute/v1/projects/241257961361 403
[debug] [2026-06-08T05:55:27.377Z] <<< [apiv2][body] GET https://compute.googleapis.com/compute/v1/projects/241257961361 {"error":{"code":403,"message":"Compute Engine API has not been used in project 241257961361 before or it is disabled. Enable it by visiting https://console.developers.google.com/apis/api/compute.googleapis.com/overview?project=241257961361 then retry. If you enabled this API recently, wait a few minutes for the action to propagate to our systems and retry.","errors":[{"message":"Compute Engine API has not been used in project 241257961361 before or it is disabled. Enable it by visiting https://console.developers.google.com/apis/api/compute.googleapis.com/overview?project=241257961361 then retry. If you enabled this API recently, wait a few minutes for the action to propagate to our systems and retry.","domain":"usageLimits","reason":"accessNotConfigured","extendedHelp":"https://console.developers.google.com"}],"status":"PERMISSION_DENIED","details":[{"@type":"type.googleapis.com/google.rpc.ErrorInfo","reason":"SERVICE_DISABLED","domain":"googleapis.com","metadata":{"activationUrl":"https://console.developers.google.com/apis/api/compute.googleapis.com/overview?project=241257961361","consumer":"projects/241257961361","serviceTitle":"Compute Engine API","service":"compute.googleapis.com","containerInfo":"241257961361"}},{"@type":"type.googleapis.com/google.rpc.LocalizedMessage","locale":"en-US","message":"Compute Engine API has not been used in project 241257961361 before or it is disabled. Enable it by visiting https://console.developers.google.com/apis/api/compute.googleapis.com/overview?project=241257961361 then retry. If you enabled this API recently, wait a few minutes for the action to propagate to our systems and retry."},{"@type":"type.googleapis.com/google.rpc.Help","links":[{"description":"Google developers console API activation","url":"https://console.developers.google.com/apis/api/compute.googleapis.com/overview?project=241257961361"}]}]}}
[debug] [2026-06-08T05:55:27.377Z] unable to look up default compute service account. Falling back to 241257961361-compute@developer.gserviceaccount.com. Error: {"name":"FirebaseError","children":[],"context":{"body":{"error":{"code":403,"message":"Compute Engine API has not been used in project 241257961361 before or it is disabled. Enable it by visiting https://console.developers.google.com/apis/api/compute.googleapis.com/overview?project=241257961361 then retry. If you enabled this API recently, wait a few minutes for the action to propagate to our systems and retry.","errors":[{"message":"Compute Engine API has not been used in project 241257961361 before or it is disabled. Enable it by visiting https://console.developers.google.com/apis/api/compute.googleapis.com/overview?project=241257961361 then retry. If you enabled this API recently, wait a few minutes for the action to propagate to our systems and retry.","domain":"usageLimits","reason":"accessNotConfigured","extendedHelp":"https://console.developers.google.com"}],"status":"PERMISSION_DENIED","details":[{"@type":"type.googleapis.com/google.rpc.ErrorInfo","reason":"SERVICE_DISABLED","domain":"googleapis.com","metadata":{"activationUrl":"https://console.developers.google.com/apis/api/compute.googleapis.com/overview?project=241257961361","consumer":"projects/241257961361","serviceTitle":"Compute Engine API","service":"compute.googleapis.com","containerInfo":"241257961361"}},{"@type":"type.googleapis.com/google.rpc.LocalizedMessage","locale":"en-US","message":"Compute Engine API has not been used in project 241257961361 before or it is disabled. Enable it by visiting https://console.developers.google.com/apis/api/compute.googleapis.com/overview?project=241257961361 then retry. If you enabled this API recently, wait a few minutes for the action to propagate to our systems and retry."},{"@type":"type.googleapis.com/google.rpc.Help","links":[{"description":"Google developers console API activation","url":"https://console.developers.google.com/apis/api/compute.googleapis.com/overview?project=241257961361"}]}]}},"response":{"statusCode":403}},"exit":1,"message":"Request to https://compute.googleapis.com/compute/v1/projects/241257961361 had HTTP Error: 403, Compute Engine API has not been used in project 241257961361 before or it is disabled. Enable it by visiting https://console.developers.google.com/apis/api/compute.googleapis.com/overview?project=241257961361 then retry. If you enabled this API recently, wait a few minutes for the action to propagate to our systems and retry.","status":403}
[debug] [2026-06-08T05:55:27.381Z] Checked if tokens are valid: true, expires at: 1780901153535
[debug] [2026-06-08T05:55:27.381Z] Checked if tokens are valid: true, expires at: 1780901153535
[debug] [2026-06-08T05:55:27.382Z] >>> [apiv2][query] GET https://cloudbilling.googleapis.com/v1/projects/writers-registration/billingInfo [none]
[debug] [2026-06-08T05:55:28.410Z] <<< [apiv2][status] GET https://cloudbilling.googleapis.com/v1/projects/writers-registration/billingInfo 200
[debug] [2026-06-08T05:55:28.410Z] <<< [apiv2][body] GET https://cloudbilling.googleapis.com/v1/projects/writers-registration/billingInfo {"name":"projects/writers-registration/billingInfo","projectId":"writers-registration","billingAccountName":"billingAccounts/01947C-2C3551-AC0373","billingEnabled":true}
[debug] [2026-06-08T05:55:28.419Z] Checked if tokens are valid: true, expires at: 1780901153535
[debug] [2026-06-08T05:55:28.419Z] Checked if tokens are valid: true, expires at: 1780901153535
[debug] [2026-06-08T05:55:28.420Z] >>> [apiv2][query] POST https://cloudfunctions.googleapis.com/v2/projects/writers-registration/locations/us-central1/functions:generateUploadUrl [none]
[debug] [2026-06-08T05:55:30.190Z] <<< [apiv2][status] POST https://cloudfunctions.googleapis.com/v2/projects/writers-registration/locations/us-central1/functions:generateUploadUrl 200
[debug] [2026-06-08T05:55:30.191Z] <<< [apiv2][body] POST https://cloudfunctions.googleapis.com/v2/projects/writers-registration/locations/us-central1/functions:generateUploadUrl {"uploadUrl":"https://storage.googleapis.com/gcf-v2-uploads-241257961361.us-central1.cloudfunctions.appspot.com/cd12f77e-84c5-40c2-a776-9d79b57acbcc.zip?GoogleAccessId=service-241257961361@gcf-admin-robot.iam.gserviceaccount.com&Expires=1780899929&Signature=BUp7HuxAJRhzZCuaUTlZ0TKdPkthxkC4NjTEMl5pY8Rbh14pki2Ti3HXYQ4CkJ1%2Fs0WMY7VDeIcDBRthWbo511NUBg%2F%2Bifv9bQlG7P%2FdCTLBxRpiXyI94EC1Eeo%2B4DXmBqt2jeKMCWWVoAXeI%2Fkav1sztRx%2ByjhdOPSk9eS2nlsV%2FLka7zDEqQizt6CWwv7dZ4l7w9PBeYSyEqjrV9etLmE0D9Dd2A5DyJU3zdBO1LLzvagdJHVgYYdxz3PjZUYK10jACuAJj2v3%2FbBqPBTS5hupTfv9Ixq1xgg6EYX7qQu913dH4xpCFvnlf8OrlrFGJ%2F43Z6G9%2F42ltXlD9MR3Fw%3D%3D","storageSource":{"bucket":"gcf-v2-uploads-241257961361.us-central1.cloudfunctions.appspot.com","object":"cd12f77e-84c5-40c2-a776-9d79b57acbcc.zip"}}
[debug] [2026-06-08T05:55:30.196Z] >>> [apiv2][query] PUT https://storage.googleapis.com/gcf-v2-uploads-241257961361.us-central1.cloudfunctions.appspot.com/cd12f77e-84c5-40c2-a776-9d79b57acbcc.zip GoogleAccessId=service-241257961361%40gcf-admin-robot.iam.gserviceaccount.com&Expires=1780899929&Signature=BUp7HuxAJRhzZCuaUTlZ0TKdPkthxkC4NjTEMl5pY8Rbh14pki2Ti3HXYQ4CkJ1%2Fs0WMY7VDeIcDBRthWbo511NUBg%2F%2Bifv9bQlG7P%2FdCTLBxRpiXyI94EC1Eeo%2B4DXmBqt2jeKMCWWVoAXeI%2Fkav1sztRx%2ByjhdOPSk9eS2nlsV%2FLka7zDEqQizt6CWwv7dZ4l7w9PBeYSyEqjrV9etLmE0D9Dd2A5DyJU3zdBO1LLzvagdJHVgYYdxz3PjZUYK10jACuAJj2v3%2FbBqPBTS5hupTfv9Ixq1xgg6EYX7qQu913dH4xpCFvnlf8OrlrFGJ%2F43Z6G9%2F42ltXlD9MR3Fw%3D%3D
[debug] [2026-06-08T05:55:30.196Z] >>> [apiv2][body] PUT https://storage.googleapis.com/gcf-v2-uploads-241257961361.us-central1.cloudfunctions.appspot.com/cd12f77e-84c5-40c2-a776-9d79b57acbcc.zip [stream]
[debug] [2026-06-08T05:55:47.898Z] <<< [apiv2][status] PUT https://storage.googleapis.com/gcf-v2-uploads-241257961361.us-central1.cloudfunctions.appspot.com/cd12f77e-84c5-40c2-a776-9d79b57acbcc.zip 200
[debug] [2026-06-08T05:55:47.899Z] <<< [apiv2][body] PUT https://storage.googleapis.com/gcf-v2-uploads-241257961361.us-central1.cloudfunctions.appspot.com/cd12f77e-84c5-40c2-a776-9d79b57acbcc.zip [omitted]
[info] ✔  functions: functions source uploaded successfully 
[info] i  functions: updating Node.js 20 (2nd Gen) function dailyRenewalCheck(us-central1)... 
[debug] [2026-06-08T05:55:47.924Z] Checked if tokens are valid: true, expires at: 1780901153535
[debug] [2026-06-08T05:55:47.924Z] Checked if tokens are valid: true, expires at: 1780901153535
[debug] [2026-06-08T05:55:47.925Z] >>> [apiv2][query] PATCH https://cloudfunctions.googleapis.com/v2/projects/writers-registration/locations/us-central1/functions/dailyRenewalCheck updateMask=name%2CbuildConfig.runtime%2CbuildConfig.entryPoint%2CbuildConfig.source.storageSource.bucket%2CbuildConfig.source.storageSource.object%2CbuildConfig.environmentVariables%2CbuildConfig.sourceToken%2CserviceConfig.environmentVariables%2CserviceConfig.ingressSettings%2CserviceConfig.timeoutSeconds%2CserviceConfig.serviceAccountEmail%2CserviceConfig.availableMemory%2CserviceConfig.minInstanceCount%2CserviceConfig.maxInstanceCount%2CserviceConfig.maxInstanceRequestConcurrency%2CserviceConfig.availableCpu%2CserviceConfig.vpcConnector%2CserviceConfig.vpcConnectorEgressSettings%2CserviceConfig.directVpcNetworkInterface%2CserviceConfig.directVpcEgress%2Clabels
[debug] [2026-06-08T05:55:47.925Z] >>> [apiv2][body] PATCH https://cloudfunctions.googleapis.com/v2/projects/writers-registration/locations/us-central1/functions/dailyRenewalCheck {"name":"projects/writers-registration/locations/us-central1/functions/dailyRenewalCheck","buildConfig":{"runtime":"nodejs20","entryPoint":"dailyRenewalCheck","source":{"storageSource":{"bucket":"gcf-v2-uploads-241257961361.us-central1.cloudfunctions.appspot.com","object":"cd12f77e-84c5-40c2-a776-9d79b57acbcc.zip"}},"environmentVariables":{"GOOGLE_NODE_RUN_SCRIPTS":""}},"serviceConfig":{"environmentVariables":{"FAST2SMS_API_KEY":"A4foQwlupr92I1Tvd8skHB6hOGK7JYPaVX5qxbSgjzLEFNZeUmKjRbxCmkSd6qLD3OAGUhgsEPiuINHf","RESEND_API_KEY":"re_WyEbGqBu_KgYY6ALtRp2HCkuAV2LbnTAi","FIREBASE_CONFIG":"{\"projectId\":\"writers-registration\",\"storageBucket\":\"writers-registration.firebasestorage.app\"}","GCLOUD_PROJECT":"writers-registration","EVENTARC_CLOUD_EVENT_SOURCE":"projects/writers-registration/locations/us-central1/services/dailyRenewalCheck","FUNCTION_TARGET":"dailyRenewalCheck","LOG_EXECUTION_ID":"true"},"ingressSettings":null,"timeoutSeconds":null,"serviceAccountEmail":null,"availableMemory":"256Mi","minInstanceCount":null,"maxInstanceCount":null,"maxInstanceRequestConcurrency":80,"availableCpu":"1","vpcConnector":null,"vpcConnectorEgressSettings":null,"directVpcNetworkInterface":null,"directVpcEgress":null},"labels":{"deployment-tool":"cli-firebase","deployment-scheduled":"true","firebase-functions-hash":"43610ad4a62ba1bc3cf5504da172b6240b1a741e"}}
[debug] [2026-06-08T05:55:50.361Z] <<< [apiv2][status] PATCH https://cloudfunctions.googleapis.com/v2/projects/writers-registration/locations/us-central1/functions/dailyRenewalCheck 200
[debug] [2026-06-08T05:55:50.361Z] <<< [apiv2][body] PATCH https://cloudfunctions.googleapis.com/v2/projects/writers-registration/locations/us-central1/functions/dailyRenewalCheck {"name":"projects/writers-registration/locations/us-central1/operations/operation-1780898149258-653b7a9915634-a67b833e-1224b4e1","metadata":{"@type":"type.googleapis.com/google.cloud.functions.v2.OperationMetadata","createTime":"2026-06-08T05:55:50.088546733Z","target":"projects/writers-registration/locations/us-central1/functions/dailyRenewalCheck","verb":"update","cancelRequested":false,"apiVersion":"v2"},"done":false}
[debug] [2026-06-08T05:55:50.363Z] Checked if tokens are valid: true, expires at: 1780901153535
[debug] [2026-06-08T05:55:50.364Z] Checked if tokens are valid: true, expires at: 1780901153535
[debug] [2026-06-08T05:55:50.365Z] >>> [apiv2][query] GET https://cloudfunctions.googleapis.com/v2/projects/writers-registration/locations/us-central1/operations/operation-1780898149258-653b7a9915634-a67b833e-1224b4e1 [none]
[debug] [2026-06-08T05:55:50.706Z] <<< [apiv2][status] GET https://cloudfunctions.googleapis.com/v2/projects/writers-registration/locations/us-central1/operations/operation-1780898149258-653b7a9915634-a67b833e-1224b4e1 200
[debug] [2026-06-08T05:55:50.707Z] <<< [apiv2][body] GET https://cloudfunctions.googleapis.com/v2/projects/writers-registration/locations/us-central1/operations/operation-1780898149258-653b7a9915634-a67b833e-1224b4e1 {"name":"projects/writers-registration/locations/us-central1/operations/operation-1780898149258-653b7a9915634-a67b833e-1224b4e1","metadata":{"@type":"type.googleapis.com/google.cloud.functions.v2.OperationMetadata","createTime":"2026-06-08T05:55:50.088546733Z","target":"projects/writers-registration/locations/us-central1/functions/dailyRenewalCheck","verb":"update","cancelRequested":false,"apiVersion":"v2","requestResource":{"@type":"type.googleapis.com/google.cloud.functions.v2.Function","name":"projects/writers-registration/locations/us-central1/functions/dailyRenewalCheck","buildConfig":{"runtime":"nodejs20","entryPoint":"dailyRenewalCheck","source":{"storageSource":{"bucket":"gcf-v2-sources-241257961361-us-central1","object":"dailyRenewalCheck/function-source.zip","generation":"1780898150027588"}},"environmentVariables":{"GOOGLE_NODE_RUN_SCRIPTS":""},"dockerRepository":"projects/writers-registration/locations/us-central1/repositories/gcf-artifacts","sourceProvenance":{"resolvedStorageSource":{"bucket":"gcf-v2-sources-241257961361-us-central1","object":"dailyRenewalCheck/function-source.zip","generation":"1780898014341743"}},"dockerRegistry":"ARTIFACT_REGISTRY","serviceAccount":"projects/writers-registration/serviceAccounts/241257961361-compute@developer.gserviceaccount.com","automaticUpdatePolicy":{}},"serviceConfig":{"service":"projects/writers-registration/locations/us-central1/services/dailyrenewalcheck","timeoutSeconds":60,"environmentVariables":{"FAST2SMS_API_KEY":"A4foQwlupr92I1Tvd8skHB6hOGK7JYPaVX5qxbSgjzLEFNZeUmKjRbxCmkSd6qLD3OAGUhgsEPiuINHf","RESEND_API_KEY":"re_WyEbGqBu_KgYY6ALtRp2HCkuAV2LbnTAi","FIREBASE_CONFIG":"{\"projectId\":\"writers-registration\",\"storageBucket\":\"writers-registration.firebasestorage.app\"}","GCLOUD_PROJECT":"writers-registration","EVENTARC_CLOUD_EVENT_SOURCE":"projects/writers-registration/locations/us-central1/services/dailyRenewalCheck","FUNCTION_TARGET":"dailyRenewalCheck","LOG_EXECUTION_ID":"true"},"ingressSettings":"ALLOW_ALL","serviceAccountEmail":"241257961361-compute@developer.gserviceaccount.com","availableMemory":"256Mi","maxInstanceRequestConcurrency":80,"availableCpu":"1"},"state":"FAILED","labels":{"deployment-scheduled":"true","firebase-functions-hash":"43610ad4a62ba1bc3cf5504da172b6240b1a741e"},"stateMessages":[{"severity":"ERROR","type":"CloudRunServiceNotFound","message":"Cloud Run service projects/writers-registration/locations/us-central1/services/dailyrenewalcheck for the function was not found. The function will not work correctly. Please redeploy."}],"environment":"GEN_2","url":"https://us-central1-writers-registration.cloudfunctions.net/dailyRenewalCheck","satisfiesPzi":true},"stages":[{"name":"BUILD","state":"NOT_STARTED","stateMessages":[{"severity":"WARNING","type":"BuildAnalysisWarning","message":"Node.js 20 is no longer supported by the Node.js community as of 30 April, 2026. Runtime nodejs20 is currently deprecated for Cloud Functions. We recommend you to upgrade to the latest version of Node.js as soon as possible."}]},{"name":"SERVICE","state":"NOT_STARTED"}],"operationType":"UPDATE_FUNCTION"},"done":false}
[debug] [2026-06-08T05:55:51.210Z] [update-default-us-central1-dailyRenewalCheck] Retrying task index 0
[debug] [2026-06-08T05:55:51.211Z] Checked if tokens are valid: true, expires at: 1780901153535
[debug] [2026-06-08T05:55:51.211Z] Checked if tokens are valid: true, expires at: 1780901153535
[debug] [2026-06-08T05:55:51.211Z] >>> [apiv2][query] GET https://cloudfunctions.googleapis.com/v2/projects/writers-registration/locations/us-central1/operations/operation-1780898149258-653b7a9915634-a67b833e-1224b4e1 [none]
[debug] [2026-06-08T05:55:52.993Z] <<< [apiv2][status] GET https://cloudfunctions.googleapis.com/v2/projects/writers-registration/locations/us-central1/operations/operation-1780898149258-653b7a9915634-a67b833e-1224b4e1 200
[debug] [2026-06-08T05:55:52.993Z] <<< [apiv2][body] GET https://cloudfunctions.googleapis.com/v2/projects/writers-registration/locations/us-central1/operations/operation-1780898149258-653b7a9915634-a67b833e-1224b4e1 {"name":"projects/writers-registration/locations/us-central1/operations/operation-1780898149258-653b7a9915634-a67b833e-1224b4e1","metadata":{"@type":"type.googleapis.com/google.cloud.functions.v2.OperationMetadata","createTime":"2026-06-08T05:55:50.088546733Z","target":"projects/writers-registration/locations/us-central1/functions/dailyRenewalCheck","verb":"update","cancelRequested":false,"apiVersion":"v2","requestResource":{"@type":"type.googleapis.com/google.cloud.functions.v2.Function","name":"projects/writers-registration/locations/us-central1/functions/dailyRenewalCheck","buildConfig":{"runtime":"nodejs20","entryPoint":"dailyRenewalCheck","source":{"storageSource":{"bucket":"gcf-v2-sources-241257961361-us-central1","object":"dailyRenewalCheck/function-source.zip","generation":"1780898150027588"}},"environmentVariables":{"GOOGLE_NODE_RUN_SCRIPTS":""},"dockerRepository":"projects/writers-registration/locations/us-central1/repositories/gcf-artifacts","sourceProvenance":{"resolvedStorageSource":{"bucket":"gcf-v2-sources-241257961361-us-central1","object":"dailyRenewalCheck/function-source.zip","generation":"1780898014341743"}},"dockerRegistry":"ARTIFACT_REGISTRY","serviceAccount":"projects/writers-registration/serviceAccounts/241257961361-compute@developer.gserviceaccount.com","automaticUpdatePolicy":{}},"serviceConfig":{"service":"projects/writers-registration/locations/us-central1/services/dailyrenewalcheck","timeoutSeconds":60,"environmentVariables":{"FAST2SMS_API_KEY":"A4foQwlupr92I1Tvd8skHB6hOGK7JYPaVX5qxbSgjzLEFNZeUmKjRbxCmkSd6qLD3OAGUhgsEPiuINHf","RESEND_API_KEY":"re_WyEbGqBu_KgYY6ALtRp2HCkuAV2LbnTAi","FIREBASE_CONFIG":"{\"projectId\":\"writers-registration\",\"storageBucket\":\"writers-registration.firebasestorage.app\"}","GCLOUD_PROJECT":"writers-registration","EVENTARC_CLOUD_EVENT_SOURCE":"projects/writers-registration/locations/us-central1/services/dailyRenewalCheck","FUNCTION_TARGET":"dailyRenewalCheck","LOG_EXECUTION_ID":"true"},"ingressSettings":"ALLOW_ALL","serviceAccountEmail":"241257961361-compute@developer.gserviceaccount.com","availableMemory":"256Mi","maxInstanceRequestConcurrency":80,"availableCpu":"1"},"state":"FAILED","labels":{"deployment-scheduled":"true","firebase-functions-hash":"43610ad4a62ba1bc3cf5504da172b6240b1a741e"},"stateMessages":[{"severity":"ERROR","type":"CloudRunServiceNotFound","message":"Cloud Run service projects/writers-registration/locations/us-central1/services/dailyrenewalcheck for the function was not found. The function will not work correctly. Please redeploy."}],"environment":"GEN_2","url":"https://us-central1-writers-registration.cloudfunctions.net/dailyRenewalCheck","satisfiesPzi":true},"stages":[{"name":"BUILD","message":"Build in progress","state":"IN_PROGRESS","resource":"projects/241257961361/locations/us-central1/builds/d1b50e15-1582-4df7-9dbf-00c8eb3e7764","resourceUri":"https://console.cloud.google.com/cloud-build/builds;region=us-central1/d1b50e15-1582-4df7-9dbf-00c8eb3e7764?project=241257961361"},{"name":"SERVICE","state":"NOT_STARTED"}],"operationType":"UPDATE_FUNCTION","buildName":"projects/241257961361/locations/us-central1/builds/d1b50e15-1582-4df7-9dbf-00c8eb3e7764"},"done":false}
[debug] [2026-06-08T05:55:53.994Z] [update-default-us-central1-dailyRenewalCheck] Retrying task index 0
[debug] [2026-06-08T05:55:53.995Z] Checked if tokens are valid: true, expires at: 1780901153535
[debug] [2026-06-08T05:55:53.998Z] Checked if tokens are valid: true, expires at: 1780901153535
[debug] [2026-06-08T05:55:53.999Z] >>> [apiv2][query] GET https://cloudfunctions.googleapis.com/v2/projects/writers-registration/locations/us-central1/operations/operation-1780898149258-653b7a9915634-a67b833e-1224b4e1 [none]
[debug] [2026-06-08T05:55:55.479Z] <<< [apiv2][status] GET https://cloudfunctions.googleapis.com/v2/projects/writers-registration/locations/us-central1/operations/operation-1780898149258-653b7a9915634-a67b833e-1224b4e1 200
[debug] [2026-06-08T05:55:55.480Z] <<< [apiv2][body] GET https://cloudfunctions.googleapis.com/v2/projects/writers-registration/locations/us-central1/operations/operation-1780898149258-653b7a9915634-a67b833e-1224b4e1 {"name":"projects/writers-registration/locations/us-central1/operations/operation-1780898149258-653b7a9915634-a67b833e-1224b4e1","metadata":{"@type":"type.googleapis.com/google.cloud.functions.v2.OperationMetadata","createTime":"2026-06-08T05:55:50.088546733Z","target":"projects/writers-registration/locations/us-central1/functions/dailyRenewalCheck","verb":"update","cancelRequested":false,"apiVersion":"v2","requestResource":{"@type":"type.googleapis.com/google.cloud.functions.v2.Function","name":"projects/writers-registration/locations/us-central1/functions/dailyRenewalCheck","buildConfig":{"runtime":"nodejs20","entryPoint":"dailyRenewalCheck","source":{"storageSource":{"bucket":"gcf-v2-sources-241257961361-us-central1","object":"dailyRenewalCheck/function-source.zip","generation":"1780898150027588"}},"environmentVariables":{"GOOGLE_NODE_RUN_SCRIPTS":""},"dockerRepository":"projects/writers-registration/locations/us-central1/repositories/gcf-artifacts","sourceProvenance":{"resolvedStorageSource":{"bucket":"gcf-v2-sources-241257961361-us-central1","object":"dailyRenewalCheck/function-source.zip","generation":"1780898014341743"}},"dockerRegistry":"ARTIFACT_REGISTRY","serviceAccount":"projects/writers-registration/serviceAccounts/241257961361-compute@developer.gserviceaccount.com","automaticUpdatePolicy":{}},"serviceConfig":{"service":"projects/writers-registration/locations/us-central1/services/dailyrenewalcheck","timeoutSeconds":60,"environmentVariables":{"FAST2SMS_API_KEY":"A4foQwlupr92I1Tvd8skHB6hOGK7JYPaVX5qxbSgjzLEFNZeUmKjRbxCmkSd6qLD3OAGUhgsEPiuINHf","RESEND_API_KEY":"re_WyEbGqBu_KgYY6ALtRp2HCkuAV2LbnTAi","FIREBASE_CONFIG":"{\"projectId\":\"writers-registration\",\"storageBucket\":\"writers-registration.firebasestorage.app\"}","GCLOUD_PROJECT":"writers-registration","EVENTARC_CLOUD_EVENT_SOURCE":"projects/writers-registration/locations/us-central1/services/dailyRenewalCheck","FUNCTION_TARGET":"dailyRenewalCheck","LOG_EXECUTION_ID":"true"},"ingressSettings":"ALLOW_ALL","serviceAccountEmail":"241257961361-compute@developer.gserviceaccount.com","availableMemory":"256Mi","maxInstanceRequestConcurrency":80,"availableCpu":"1"},"state":"FAILED","labels":{"deployment-scheduled":"true","firebase-functions-hash":"43610ad4a62ba1bc3cf5504da172b6240b1a741e"},"stateMessages":[{"severity":"ERROR","type":"CloudRunServiceNotFound","message":"Cloud Run service projects/writers-registration/locations/us-central1/services/dailyrenewalcheck for the function was not found. The function will not work correctly. Please redeploy."}],"environment":"GEN_2","url":"https://us-central1-writers-registration.cloudfunctions.net/dailyRenewalCheck","satisfiesPzi":true},"stages":[{"name":"BUILD","message":"Build in progress","state":"IN_PROGRESS","resource":"projects/241257961361/locations/us-central1/builds/d1b50e15-1582-4df7-9dbf-00c8eb3e7764","resourceUri":"https://console.cloud.google.com/cloud-build/builds;region=us-central1/d1b50e15-1582-4df7-9dbf-00c8eb3e7764?project=241257961361"},{"name":"SERVICE","state":"NOT_STARTED"}],"operationType":"UPDATE_FUNCTION","buildName":"projects/241257961361/locations/us-central1/builds/d1b50e15-1582-4df7-9dbf-00c8eb3e7764"},"done":false}
[debug] [2026-06-08T05:55:57.481Z] [update-default-us-central1-dailyRenewalCheck] Retrying task index 0
[debug] [2026-06-08T05:55:57.482Z] Checked if tokens are valid: true, expires at: 1780901153535
[debug] [2026-06-08T05:55:57.483Z] Checked if tokens are valid: true, expires at: 1780901153535
[debug] [2026-06-08T05:55:57.484Z] >>> [apiv2][query] GET https://cloudfunctions.googleapis.com/v2/projects/writers-registration/locations/us-central1/operations/operation-1780898149258-653b7a9915634-a67b833e-1224b4e1 [none]
[debug] [2026-06-08T05:55:58.807Z] <<< [apiv2][status] GET https://cloudfunctions.googleapis.com/v2/projects/writers-registration/locations/us-central1/operations/operation-1780898149258-653b7a9915634-a67b833e-1224b4e1 200
[debug] [2026-06-08T05:55:58.807Z] <<< [apiv2][body] GET https://cloudfunctions.googleapis.com/v2/projects/writers-registration/locations/us-central1/operations/operation-1780898149258-653b7a9915634-a67b833e-1224b4e1 {"name":"projects/writers-registration/locations/us-central1/operations/operation-1780898149258-653b7a9915634-a67b833e-1224b4e1","metadata":{"@type":"type.googleapis.com/google.cloud.functions.v2.OperationMetadata","createTime":"2026-06-08T05:55:50.088546733Z","target":"projects/writers-registration/locations/us-central1/functions/dailyRenewalCheck","verb":"update","cancelRequested":false,"apiVersion":"v2","requestResource":{"@type":"type.googleapis.com/google.cloud.functions.v2.Function","name":"projects/writers-registration/locations/us-central1/functions/dailyRenewalCheck","buildConfig":{"runtime":"nodejs20","entryPoint":"dailyRenewalCheck","source":{"storageSource":{"bucket":"gcf-v2-sources-241257961361-us-central1","object":"dailyRenewalCheck/function-source.zip","generation":"1780898150027588"}},"environmentVariables":{"GOOGLE_NODE_RUN_SCRIPTS":""},"dockerRepository":"projects/writers-registration/locations/us-central1/repositories/gcf-artifacts","sourceProvenance":{"resolvedStorageSource":{"bucket":"gcf-v2-sources-241257961361-us-central1","object":"dailyRenewalCheck/function-source.zip","generation":"1780898014341743"}},"dockerRegistry":"ARTIFACT_REGISTRY","serviceAccount":"projects/writers-registration/serviceAccounts/241257961361-compute@developer.gserviceaccount.com","automaticUpdatePolicy":{}},"serviceConfig":{"service":"projects/writers-registration/locations/us-central1/services/dailyrenewalcheck","timeoutSeconds":60,"environmentVariables":{"FAST2SMS_API_KEY":"A4foQwlupr92I1Tvd8skHB6hOGK7JYPaVX5qxbSgjzLEFNZeUmKjRbxCmkSd6qLD3OAGUhgsEPiuINHf","RESEND_API_KEY":"re_WyEbGqBu_KgYY6ALtRp2HCkuAV2LbnTAi","FIREBASE_CONFIG":"{\"projectId\":\"writers-registration\",\"storageBucket\":\"writers-registration.firebasestorage.app\"}","GCLOUD_PROJECT":"writers-registration","EVENTARC_CLOUD_EVENT_SOURCE":"projects/writers-registration/locations/us-central1/services/dailyRenewalCheck","FUNCTION_TARGET":"dailyRenewalCheck","LOG_EXECUTION_ID":"true"},"ingressSettings":"ALLOW_ALL","serviceAccountEmail":"241257961361-compute@developer.gserviceaccount.com","availableMemory":"256Mi","maxInstanceRequestConcurrency":80,"availableCpu":"1"},"state":"FAILED","labels":{"deployment-scheduled":"true","firebase-functions-hash":"43610ad4a62ba1bc3cf5504da172b6240b1a741e"},"stateMessages":[{"severity":"ERROR","type":"CloudRunServiceNotFound","message":"Cloud Run service projects/writers-registration/locations/us-central1/services/dailyrenewalcheck for the function was not found. The function will not work correctly. Please redeploy."}],"environment":"GEN_2","url":"https://us-central1-writers-registration.cloudfunctions.net/dailyRenewalCheck","satisfiesPzi":true},"stages":[{"name":"BUILD","message":"Build in progress","state":"IN_PROGRESS","resource":"projects/241257961361/locations/us-central1/builds/d1b50e15-1582-4df7-9dbf-00c8eb3e7764","resourceUri":"https://console.cloud.google.com/cloud-build/builds;region=us-central1/d1b50e15-1582-4df7-9dbf-00c8eb3e7764?project=241257961361"},{"name":"SERVICE","state":"NOT_STARTED"}],"operationType":"UPDATE_FUNCTION","buildName":"projects/241257961361/locations/us-central1/builds/d1b50e15-1582-4df7-9dbf-00c8eb3e7764"},"done":false}
[debug] [2026-06-08T05:56:02.810Z] [update-default-us-central1-dailyRenewalCheck] Retrying task index 0
[debug] [2026-06-08T05:56:02.811Z] Checked if tokens are valid: true, expires at: 1780901153535
[debug] [2026-06-08T05:56:02.812Z] Checked if tokens are valid: true, expires at: 1780901153535
[debug] [2026-06-08T05:56:02.812Z] >>> [apiv2][query] GET https://cloudfunctions.googleapis.com/v2/projects/writers-registration/locations/us-central1/operations/operation-1780898149258-653b7a9915634-a67b833e-1224b4e1 [none]
